{
  "cpu": {
    "auroc": 0.5845984579211551,
    "aupr": 0.5745424273910475,
    "n_test_normal_balanced": 108483,
    "n_test_ood_balanced": 108483,
    "n_test_normal_full": 108483,
    "n_test_ood_full": 220454,
    "f1": 0.6666728120794233,
    "precision": 0.5000069136212165,
    "recall": 1.0,
    "accuracy": 0.5000138270512431,
    "best_threshold": 0.000946044921875,
    "val_f1_tune": 0.6666687386558592,
    "n_val_normal_balanced": 107251,
    "n_val_ood_balanced": 107251,
    "n_val_normal_full": 107251,
    "n_val_ood_full": 219807
  },
  "disk": {
    "auroc": 0.5551459186949729,
    "aupr": 0.5563219628184567,
    "n_test_normal_balanced": 108483,
    "n_test_ood_balanced": 108483,
    "n_test_normal_full": 108483,
    "n_test_ood_full": 268102,
    "f1": 0.6673538195975188,
    "precision": 0.5031294032834158,
    "recall": 0.9907358756671553,
    "accuracy": 0.5061622558373201,
    "best_threshold": 0.04954760002367424,
    "val_f1_tune": 0.6674371278546843,
    "n_val_normal_balanced": 107251,
    "n_val_ood_balanced": 107251,
    "n_val_normal_full": 107251,
    "n_val_ood_full": 269244
  },
  "mem": {
    "auroc": 0.7536351532442617,
    "aupr": 0.7600275413008563,
    "n_test_normal_balanced": 108483,
    "n_test_ood_balanced": 108483,
    "n_test_normal_full": 108483,
    "n_test_ood_full": 234136,
    "f1": 0.666974962833759,
    "precision": 0.5027653262710675,
    "recall": 0.9904777707106183,
    "accuracy": 0.5054478581897625,
    "best_threshold": 0.04291881214488636,
    "val_f1_tune": 0.6667189982479387,
    "n_val_normal_balanced": 107251,
    "n_val_ood_balanced": 107251,
    "n_val_normal_full": 107251,
    "n_val_ood_full": 227382
  },
  "net": {
    "auroc": 0.6487612100160768,
    "aupr": 0.6245709577787162,
    "n_test_normal_balanced": 108483,
    "n_test_ood_balanced": 108483,
    "n_test_normal_full": 108483,
    "n_test_ood_full": 120006,
    "f1": 0.6666728120794233,
    "precision": 0.5000069136212165,
    "recall": 1.0,
    "accuracy": 0.5000138270512431,
    "best_threshold": 0.000946044921875,
    "val_f1_tune": 0.6666687386558592,
    "n_val_normal_balanced": 107251,
    "n_val_ood_balanced": 107251,
    "n_val_normal_full": 107251,
    "n_val_ood_full": 120077
  }
}