{
  "cpu": {
    "auroc": 0.633234586921477,
    "aupr": 0.6126941799748065,
    "n_test_normal_balanced": 108483,
    "n_test_ood_balanced": 108483,
    "n_test_normal_full": 108483,
    "n_test_ood_full": 220454,
    "f1": 0.6686892357478623,
    "precision": 0.53779146403711,
    "recall": 0.8838066793875539,
    "accuracy": 0.5621065051667081,
    "best_threshold": 0.3865422720860953,
    "val_f1_tune": 0.6803303784399587,
    "n_val_normal_balanced": 107251,
    "n_val_ood_balanced": 107251,
    "n_val_normal_full": 107251,
    "n_val_ood_full": 219807
  },
  "disk": {
    "auroc": 0.5674712843397591,
    "aupr": 0.5603281427515496,
    "n_test_normal_balanced": 108483,
    "n_test_ood_balanced": 108483,
    "n_test_normal_full": 108483,
    "n_test_ood_full": 268102,
    "f1": 0.6669830605211813,
    "precision": 0.5026273959794296,
    "recall": 0.9910492888286644,
    "accuracy": 0.5051805351990635,
    "best_threshold": 0.15025005918560608,
    "val_f1_tune": 0.6670683335843751,
    "n_val_normal_balanced": 107251,
    "n_val_ood_balanced": 107251,
    "n_val_normal_full": 107251,
    "n_val_ood_full": 269244
  },
  "mem": {
    "auroc": 0.7564741837493099,
    "aupr": 0.7471328201746086,
    "n_test_normal_balanced": 108483,
    "n_test_ood_balanced": 108483,
    "n_test_normal_full": 108483,
    "n_test_ood_full": 234136,
    "f1": 0.6666461818315901,
    "precision": 0.4999884771917534,
    "recall": 0.9999539098291899,
    "accuracy": 0.49997695491459493,
    "best_threshold": 0.05265045166015625,
    "val_f1_tune": 0.6666625226882816,
    "n_val_normal_balanced": 107251,
    "n_val_ood_balanced": 107251,
    "n_val_normal_full": 107251,
    "n_val_ood_full": 227382
  },
  "net": {
    "auroc": 0.7197235966232304,
    "aupr": 0.7145910364720333,
    "n_test_normal_balanced": 108483,
    "n_test_ood_balanced": 108483,
    "n_test_normal_full": 108483,
    "n_test_ood_full": 120006,
    "f1": 0.7095846722559134,
    "precision": 0.6300062209065362,
    "recall": 0.8121733359143829,
    "accuracy": 0.6675976881170321,
    "best_threshold": 0.48752778949159564,
    "val_f1_tune": 0.714770208119644,
    "n_val_normal_balanced": 107251,
    "n_val_ood_balanced": 107251,
    "n_val_normal_full": 107251,
    "n_val_ood_full": 120077
  }
}