{
  "cpu": {
    "score_method": "paper_mad_sum",
    "auroc": 0.6468568355959375,
    "aupr": 0.6272656228184934,
    "n_test_normal_balanced": 197044,
    "n_test_ood_balanced": 190902,
    "n_test_normal_full": 197044,
    "n_test_ood_full": 190902,
    "f1": 0.6476053253668735,
    "precision": 0.5588381793225121,
    "recall": 0.7698976438172466,
    "accuracy": 0.5876926170137081,
    "best_threshold": -0.3878746813068856,
    "val_f1_tune": 0.6713836976869626,
    "n_val_normal_balanced": 197476,
    "n_val_ood_balanced": 197476,
    "n_val_normal_full": 197476,
    "n_val_ood_full": 646822,
    "mad_event_median": 0.2314453125,
    "mad_event": 0.072265625,
    "mad_latency_median": 0.396484375,
    "mad_latency": 0.115234375
  },
  "disk": {
    "score_method": "paper_mad_sum",
    "auroc": 0.6973239662363715,
    "aupr": 0.6599417675576545,
    "n_test_normal_balanced": 197044,
    "n_test_ood_balanced": 123783,
    "n_test_normal_full": 197044,
    "n_test_ood_full": 123783,
    "f1": 0.5776917123106897,
    "precision": 0.45636936109601367,
    "recall": 0.7868770348109191,
    "accuracy": 0.5561252637714407,
    "best_threshold": -0.3878746813068856,
    "val_f1_tune": 0.6713836976869626,
    "n_val_normal_balanced": 197476,
    "n_val_ood_balanced": 197476,
    "n_val_normal_full": 197476,
    "n_val_ood_full": 646822,
    "mad_event_median": 0.2314453125,
    "mad_event": 0.072265625,
    "mad_latency_median": 0.396484375,
    "mad_latency": 0.115234375
  },
  "mem": {
    "score_method": "paper_mad_sum",
    "auroc": 0.6795870670721942,
    "aupr": 0.6958392928971016,
    "n_test_normal_balanced": 197044,
    "n_test_ood_balanced": 217461,
    "n_test_normal_full": 197044,
    "n_test_ood_full": 217461,
    "f1": 0.6879655985726397,
    "precision": 0.601134449448245,
    "recall": 0.8041166002179702,
    "accuracy": 0.6173194533238441,
    "best_threshold": -0.3878746813068856,
    "val_f1_tune": 0.6713836976869626,
    "n_val_normal_balanced": 197476,
    "n_val_ood_balanced": 197476,
    "n_val_normal_full": 197476,
    "n_val_ood_full": 646822,
    "mad_event_median": 0.2314453125,
    "mad_event": 0.072265625,
    "mad_latency_median": 0.396484375,
    "mad_latency": 0.115234375
  },
  "net": {
    "score_method": "paper_mad_sum",
    "auroc": 0.7334359687877581,
    "aupr": 0.6186824737964021,
    "n_test_normal_balanced": 197044,
    "n_test_ood_balanced": 120006,
    "n_test_normal_full": 197044,
    "n_test_ood_full": 120006,
    "f1": 0.6118622636516011,
    "precision": 0.4727624690998982,
    "recall": 0.8669399863340166,
    "accuracy": 0.5836808074436208,
    "best_threshold": -0.3878746813068856,
    "val_f1_tune": 0.6713836976869626,
    "n_val_normal_balanced": 197476,
    "n_val_ood_balanced": 197476,
    "n_val_normal_full": 197476,
    "n_val_ood_full": 646822,
    "mad_event_median": 0.2314453125,
    "mad_event": 0.072265625,
    "mad_latency_median": 0.396484375,
    "mad_latency": 0.115234375
  }
}