{
  "cpu": {
    "score_method": "paper_mad_sum",
    "auroc": 0.6613051717657663,
    "aupr": 0.635302296901967,
    "n_test_normal_balanced": 197044,
    "n_test_ood_balanced": 190902,
    "n_test_normal_full": 197044,
    "n_test_ood_full": 190902,
    "f1": 0.6630489005721623,
    "precision": 0.5657916166955389,
    "recall": 0.8006830729903301,
    "accuracy": 0.5995473596840798,
    "best_threshold": -0.4829300820707063,
    "val_f1_tune": 0.6847128130826939,
    "n_val_normal_balanced": 197476,
    "n_val_ood_balanced": 197476,
    "n_val_normal_full": 197476,
    "n_val_ood_full": 646822,
    "mad_event_median": 0.2353515625,
    "mad_event": 0.0732421875,
    "mad_latency_median": 1.0,
    "mad_latency": 0.1875
  },
  "disk": {
    "score_method": "paper_mad_sum",
    "auroc": 0.7137725475977504,
    "aupr": 0.6710081839515393,
    "n_test_normal_balanced": 197044,
    "n_test_ood_balanced": 123783,
    "n_test_normal_full": 197044,
    "n_test_ood_full": 123783,
    "f1": 0.5922790135495342,
    "precision": 0.4637237242728744,
    "recall": 0.8194501668242005,
    "accuracy": 0.5647093293270204,
    "best_threshold": -0.4829300820707063,
    "val_f1_tune": 0.6847128130826939,
    "n_val_normal_balanced": 197476,
    "n_val_ood_balanced": 197476,
    "n_val_normal_full": 197476,
    "n_val_ood_full": 646822,
    "mad_event_median": 0.2353515625,
    "mad_event": 0.0732421875,
    "mad_latency_median": 1.0,
    "mad_latency": 0.1875
  },
  "mem": {
    "score_method": "paper_mad_sum",
    "auroc": 0.6911058558652812,
    "aupr": 0.7045407122343674,
    "n_test_normal_balanced": 197044,
    "n_test_ood_balanced": 217461,
    "n_test_normal_full": 197044,
    "n_test_ood_full": 217461,
    "f1": 0.6988983398336919,
    "precision": 0.6052045260259957,
    "recall": 0.8269160907013211,
    "accuracy": 0.6261975126958661,
    "best_threshold": -0.4829300820707063,
    "val_f1_tune": 0.6847128130826939,
    "n_val_normal_balanced": 197476,
    "n_val_ood_balanced": 197476,
    "n_val_normal_full": 197476,
    "n_val_ood_full": 646822,
    "mad_event_median": 0.2353515625,
    "mad_event": 0.0732421875,
    "mad_latency_median": 1.0,
    "mad_latency": 0.1875
  },
  "net": {
    "score_method": "paper_mad_sum",
    "auroc": 0.7841057720176522,
    "aupr": 0.6763082632315489,
    "n_test_normal_balanced": 197044,
    "n_test_ood_balanced": 120006,
    "n_test_normal_full": 197044,
    "n_test_ood_full": 120006,
    "f1": 0.6329714767951934,
    "precision": 0.4836630939542663,
    "recall": 0.9156292185390731,
    "accuracy": 0.598079167323766,
    "best_threshold": -0.4829300820707063,
    "val_f1_tune": 0.6847128130826939,
    "n_val_normal_balanced": 197476,
    "n_val_ood_balanced": 197476,
    "n_val_normal_full": 197476,
    "n_val_ood_full": 646822,
    "mad_event_median": 0.2353515625,
    "mad_event": 0.0732421875,
    "mad_latency_median": 1.0,
    "mad_latency": 0.1875
  }
}