{
  "cpu": {
    "auroc": 0.7077152965218475,
    "aupr": 0.7013375128503831,
    "n_normal": 316026,
    "n_ood": 387625
  },
  "disk": {
    "auroc": 0.7330304021752987,
    "aupr": 0.7330819004916438,
    "n_normal": 316026,
    "n_ood": 425955
  },
  "mem": {
    "auroc": 0.7100820768224503,
    "aupr": 0.6901936724682283,
    "n_normal": 316026,
    "n_ood": 385131
  },
  "net": {
    "auroc": 0.6526463004016594,
    "aupr": 0.534434134396887,
    "n_normal": 316026,
    "n_ood": 220229
  }
}