{
  "cpu": {
    "score_method": "paper_mad_sum",
    "auroc": 0.6348185352674678,
    "aupr": 0.6176077901892286,
    "n_test_normal_balanced": 197044,
    "n_test_ood_balanced": 190902,
    "n_test_normal_full": 197044,
    "n_test_ood_full": 190902,
    "f1": 0.6465619199542066,
    "precision": 0.5403762540629529,
    "recall": 0.804685126399933,
    "accuracy": 0.5670892340686591,
    "best_threshold": -0.7478589894947598,
    "val_f1_tune": 0.6707106699471169,
    "n_val_normal_balanced": 197476,
    "n_val_ood_balanced": 197476,
    "n_val_normal_full": 197476,
    "n_val_ood_full": 646822,
    "mad_event_median": 0.1416015625,
    "mad_event": 0.0703125,
    "mad_latency_median": 0.400390625,
    "mad_latency": 0.115234375
  },
  "disk": {
    "score_method": "paper_mad_sum",
    "auroc": 0.7084688856276663,
    "aupr": 0.682300288677854,
    "n_test_normal_balanced": 197044,
    "n_test_ood_balanced": 123783,
    "n_test_normal_full": 197044,
    "n_test_ood_full": 123783,
    "f1": 0.5740856973134127,
    "precision": 0.4394704441422388,
    "recall": 0.8275853711737476,
    "accuracy": 0.5262181798913433,
    "best_threshold": -0.7478589894947598,
    "val_f1_tune": 0.6707106699471169,
    "n_val_normal_balanced": 197476,
    "n_val_ood_balanced": 197476,
    "n_val_normal_full": 197476,
    "n_val_ood_full": 646822,
    "mad_event_median": 0.1416015625,
    "mad_event": 0.0703125,
    "mad_latency_median": 0.400390625,
    "mad_latency": 0.115234375
  },
  "mem": {
    "score_method": "paper_mad_sum",
    "auroc": 0.6753454247756858,
    "aupr": 0.7005872298337714,
    "n_test_normal_balanced": 197044,
    "n_test_ood_balanced": 217461,
    "n_test_normal_full": 197044,
    "n_test_ood_full": 217461,
    "f1": 0.6847401658993836,
    "precision": 0.5810783081540001,
    "recall": 0.8334184060590175,
    "accuracy": 0.5973872450272011,
    "best_threshold": -0.7478589894947598,
    "val_f1_tune": 0.6707106699471169,
    "n_val_normal_balanced": 197476,
    "n_val_ood_balanced": 197476,
    "n_val_normal_full": 197476,
    "n_val_ood_full": 646822,
    "mad_event_median": 0.1416015625,
    "mad_event": 0.0703125,
    "mad_latency_median": 0.400390625,
    "mad_latency": 0.115234375
  },
  "net": {
    "score_method": "paper_mad_sum",
    "auroc": 0.745641595924609,
    "aupr": 0.6577644369504598,
    "n_test_normal_balanced": 197044,
    "n_test_ood_balanced": 120006,
    "n_test_normal_full": 197044,
    "n_test_ood_full": 120006,
    "f1": 0.5995686958076338,
    "precision": 0.4509576515476221,
    "recall": 0.8942719530690132,
    "accuracy": 0.5478694212269358,
    "best_threshold": -0.7478589894947598,
    "val_f1_tune": 0.6707106699471169,
    "n_val_normal_balanced": 197476,
    "n_val_ood_balanced": 197476,
    "n_val_normal_full": 197476,
    "n_val_ood_full": 646822,
    "mad_event_median": 0.1416015625,
    "mad_event": 0.0703125,
    "mad_latency_median": 0.400390625,
    "mad_latency": 0.115234375
  }
}