{
  "cpu": {
    "auroc": 0.6162082542560484,
    "aupr": 0.5989828780323212,
    "n_test_normal_balanced": 108483,
    "n_test_ood_balanced": 108483,
    "n_test_normal_full": 108483,
    "n_test_ood_full": 220454,
    "f1": 0.6732637626739414,
    "precision": 0.5454613035671397,
    "recall": 0.8792806246139948,
    "accuracy": 0.5732833715881751,
    "best_threshold": 0.1690340909090909,
    "val_f1_tune": 0.6771710436891467,
    "n_val_normal_balanced": 107251,
    "n_val_ood_balanced": 107251,
    "n_val_normal_full": 107251,
    "n_val_ood_full": 219807
  },
  "disk": {
    "auroc": 0.5361141802352049,
    "aupr": 0.527642795661409,
    "n_test_normal_balanced": 108483,
    "n_test_ood_balanced": 108483,
    "n_test_normal_full": 108483,
    "n_test_ood_full": 268102,
    "f1": 0.6765937973034816,
    "precision": 0.5473070329808015,
    "recall": 0.8858530829715255,
    "accuracy": 0.5765696007669404,
    "best_threshold": 0.1690340909090909,
    "val_f1_tune": 0.6792402965671919,
    "n_val_normal_balanced": 107251,
    "n_val_ood_balanced": 107251,
    "n_val_normal_full": 107251,
    "n_val_ood_full": 269244
  },
  "mem": {
    "auroc": 0.6039218346207824,
    "aupr": 0.5981138025117213,
    "n_test_normal_balanced": 108483,
    "n_test_ood_balanced": 108483,
    "n_test_normal_full": 108483,
    "n_test_ood_full": 234136,
    "f1": 0.6762959156459576,
    "precision": 0.5225019222747672,
    "recall": 0.9583897937925758,
    "accuracy": 0.54127374796051,
    "best_threshold": 0.13856830018939392,
    "val_f1_tune": 0.6717686736769568,
    "n_val_normal_balanced": 107251,
    "n_val_ood_balanced": 107251,
    "n_val_normal_full": 107251,
    "n_val_ood_full": 227382
  },
  "net": {
    "auroc": 0.7195329303263995,
    "aupr": 0.7533092855017838,
    "n_test_normal_balanced": 108483,
    "n_test_ood_balanced": 108483,
    "n_test_normal_full": 108483,
    "n_test_ood_full": 120006,
    "f1": 0.6805835839805706,
    "precision": 0.549510898518527,
    "recall": 0.8937713743167132,
    "accuracy": 0.5805287464395343,
    "best_threshold": 0.1690340909090909,
    "val_f1_tune": 0.6832141114976376,
    "n_val_normal_balanced": 107251,
    "n_val_ood_balanced": 107251,
    "n_val_normal_full": 107251,
    "n_val_ood_full": 120077
  }
}