{
  "cpu": {
    "score_method": "latency_loss",
    "auroc": 0.6741979841088703,
    "aupr": 0.6585140920175092,
    "n_test_normal_balanced": 197044,
    "n_test_ood_balanced": 190902,
    "n_test_normal_full": 197044,
    "n_test_ood_full": 190902,
    "f1": 0.6542312201759168,
    "precision": 0.6063806951326405,
    "recall": 0.7102806675676525,
    "accuracy": 0.6305516747176153,
    "best_threshold": 1.0361698035037878,
    "val_f1_tune": 0.6845183048305244,
    "n_val_normal_balanced": 197476,
    "n_val_ood_balanced": 197476,
    "n_val_normal_full": 197476,
    "n_val_ood_full": 646822
  },
  "disk": {
    "score_method": "latency_loss",
    "auroc": 0.6719476772754649,
    "aupr": 0.624975965779111,
    "n_test_normal_balanced": 197044,
    "n_test_ood_balanced": 123783,
    "n_test_normal_full": 197044,
    "n_test_ood_full": 123783,
    "f1": 0.5747288094533122,
    "precision": 0.4924722502522704,
    "recall": 0.6899735828021618,
    "accuracy": 0.6060368983907215,
    "best_threshold": 1.0361698035037878,
    "val_f1_tune": 0.6845183048305244,
    "n_val_normal_balanced": 197476,
    "n_val_ood_balanced": 197476,
    "n_val_normal_full": 197476,
    "n_val_ood_full": 646822
  },
  "mem": {
    "score_method": "latency_loss",
    "auroc": 0.7302925460329692,
    "aupr": 0.7493656517177051,
    "n_test_normal_balanced": 197044,
    "n_test_ood_balanced": 217461,
    "n_test_normal_full": 197044,
    "n_test_ood_full": 217461,
    "f1": 0.7157625237526696,
    "precision": 0.6592082083051012,
    "recall": 0.7829311922597615,
    "accuracy": 0.6737747433685963,
    "best_threshold": 1.0361698035037878,
    "val_f1_tune": 0.6845183048305244,
    "n_val_normal_balanced": 197476,
    "n_val_ood_balanced": 197476,
    "n_val_normal_full": 197476,
    "n_val_ood_full": 646822
  },
  "net": {
    "score_method": "latency_loss",
    "auroc": 0.7515627179062745,
    "aupr": 0.6585668184527371,
    "n_test_normal_balanced": 197044,
    "n_test_ood_balanced": 120006,
    "n_test_normal_full": 197044,
    "n_test_ood_full": 120006,
    "f1": 0.6370477142061555,
    "precision": 0.5248665309934196,
    "recall": 0.8102178224422112,
    "accuracy": 0.6505503863743889,
    "best_threshold": 1.0361698035037878,
    "val_f1_tune": 0.6845183048305244,
    "n_val_normal_balanced": 197476,
    "n_val_ood_balanced": 197476,
    "n_val_normal_full": 197476,
    "n_val_ood_full": 646822
  }
}