{
  "cpu": {
    "score_method": "event_loss",
    "auroc": 0.5425588659146366,
    "aupr": 0.5406408667499023,
    "n_test_normal_balanced": 197044,
    "n_test_ood_balanced": 190902,
    "n_test_normal_full": 197044,
    "n_test_ood_full": 190902,
    "f1": 0.6596006399159678,
    "precision": 0.49209896783906126,
    "recall": 0.9999738085509843,
    "accuracy": 0.492114881968109,
    "best_threshold": 0.0017852783203125,
    "val_f1_tune": 0.6666756693798593,
    "n_val_normal_balanced": 197476,
    "n_val_ood_balanced": 197476,
    "n_val_normal_full": 197476,
    "n_val_ood_full": 646822
  },
  "disk": {
    "score_method": "event_loss",
    "auroc": 0.7202783560852806,
    "aupr": 0.686844556859526,
    "n_test_normal_balanced": 197044,
    "n_test_ood_balanced": 123783,
    "n_test_normal_full": 197044,
    "n_test_ood_full": 123783,
    "f1": 0.5568243928662202,
    "precision": 0.38583754667930154,
    "recall": 0.9999676853849074,
    "accuracy": 0.3858652794185028,
    "best_threshold": 0.0017852783203125,
    "val_f1_tune": 0.6666756693798593,
    "n_val_normal_balanced": 197476,
    "n_val_ood_balanced": 197476,
    "n_val_normal_full": 197476,
    "n_val_ood_full": 646822
  },
  "mem": {
    "score_method": "event_loss",
    "auroc": 0.5649837953343928,
    "aupr": 0.6000916307740962,
    "n_test_normal_balanced": 197044,
    "n_test_ood_balanced": 217461,
    "n_test_normal_full": 197044,
    "n_test_ood_full": 217461,
    "f1": 0.688217031202033,
    "precision": 0.524646247753236,
    "recall": 0.999986204422862,
    "accuracy": 0.5246619461767651,
    "best_threshold": 0.0017852783203125,
    "val_f1_tune": 0.6666756693798593,
    "n_val_normal_balanced": 197476,
    "n_val_ood_balanced": 197476,
    "n_val_normal_full": 197476,
    "n_val_ood_full": 646822
  },
  "net": {
    "score_method": "event_loss",
    "auroc": 0.6937465398566143,
    "aupr": 0.6158824302453445,
    "n_test_normal_balanced": 197044,
    "n_test_ood_balanced": 120006,
    "n_test_normal_full": 197044,
    "n_test_ood_full": 120006,
    "f1": 0.5491775333551467,
    "precision": 0.37852841817728755,
    "recall": 1.0,
    "accuracy": 0.37856174105030754,
    "best_threshold": 0.0017852783203125,
    "val_f1_tune": 0.6666756693798593,
    "n_val_normal_balanced": 197476,
    "n_val_ood_balanced": 197476,
    "n_val_normal_full": 197476,
    "n_val_ood_full": 646822
  }
}