{
  "score_method": "paper_mad_sum",
  "mad_event": {
    "median": 0.232421875,
    "mad": 0.072265625
  },
  "mad_latency": {
    "median": 0.671875,
    "mad": 0.140625
  },
  "splits": {
    "valid_id": {
      "count": 197476,
      "mean": 0.76176749276573,
      "median": 0.1283783783783783,
      "std": 3.270484191877924,
      "min": -6.4961142783408405,
      "max": 91.09009009009009,
      "split": "valid_id",
      "label": "normal"
    },
    "test_id": {
      "count": 197044,
      "mean": 0.6766423946083232,
      "median": 0.09065315315315328,
      "std": 3.005174193291898,
      "min": -6.483251806493994,
      "max": 44.05105105105105,
      "split": "test_id",
      "label": "normal"
    },
    "valid_ood_cpu": {
      "count": 186473,
      "mean": 3.373967596094653,
      "median": 2.9864864864864864,
      "std": 4.27944142116698,
      "min": -6.757730386636636,
      "max": 97.36336336336336,
      "split": "valid_ood_cpu",
      "label": "anomaly"
    },
    "valid_ood_disk": {
      "count": 123240,
      "mean": 11.575712317210197,
      "median": 2.3704954954954958,
      "std": 24.285524395062385,
      "min": -6.501677458708709,
      "max": 97.73273273273274,
      "split": "valid_ood_disk",
      "label": "anomaly"
    },
    "valid_ood_mem": {
      "count": 217032,
      "mean": 3.182562195542111,
      "median": 2.6186186186186187,
      "std": 4.603547868315747,
      "min": -6.75538429054054,
      "max": 96.27627627627626,
      "split": "valid_ood_mem",
      "label": "anomaly"
    },
    "valid_ood_net": {
      "count": 120077,
      "mean": 3.8568395333122916,
      "median": 3.1433933933933935,
      "std": 4.568418091071353,
      "min": -6.348864489489489,
      "max": 74.50225225225225,
      "split": "valid_ood_net",
      "label": "anomaly"
    },
    "test_ood_cpu": {
      "count": 190902,
      "mean": 2.673978047380586,
      "median": 2.328828828828829,
      "std": 3.7203275770467603,
      "min": -6.780241178678678,
      "max": 76.3903903903904,
      "split": "test_ood_cpu",
      "label": "anomaly"
    },
    "test_ood_disk": {
      "count": 123783,
      "mean": 11.47379186336532,
      "median": 2.619369369369369,
      "std": 23.762914953037914,
      "min": -6.552881006006006,
      "max": 98.4084084084084,
      "split": "test_ood_disk",
      "label": "anomaly"
    },
    "test_ood_mem": {
      "count": 217461,
      "mean": 3.4459183185487734,
      "median": 2.9504504504504503,
      "std": 4.605368743434235,
      "min": -6.734175581831831,
      "max": 93.51051051051051,
      "split": "test_ood_mem",
      "label": "anomaly"
    },
    "test_ood_net": {
      "count": 120006,
      "mean": 4.039763418862067,
      "median": 3.322822822822823,
      "std": 4.613640453254084,
      "min": -6.222011073573574,
      "max": 78.3033033033033,
      "split": "test_ood_net",
      "label": "anomaly"
    }
  },
  "comparisons_vs_normal": {
    "test_id": {
      "mean_gap": -0.08512509815740676,
      "median_gap": -0.037725225225225006,
      "cohen_d": -0.02710312730919569
    },
    "valid_ood_cpu": {
      "mean_gap": 2.6122001033289233,
      "median_gap": 2.858108108108108,
      "cohen_d": 0.6884763435735546
    },
    "valid_ood_disk": {
      "mean_gap": 10.813944824444468,
      "median_gap": 2.2421171171171173,
      "cohen_d": 0.7081079719250809
    },
    "valid_ood_mem": {
      "mean_gap": 2.420794702776381,
      "median_gap": 2.49024024024024,
      "cohen_d": 0.6015989802044255
    },
    "valid_ood_net": {
      "mean_gap": 3.0950720405465617,
      "median_gap": 3.015015015015015,
      "cohen_d": 0.8115915667105313
    },
    "test_ood_cpu": {
      "mean_gap": 1.9122105546148562,
      "median_gap": 2.2004504504504503,
      "cohen_d": 0.5465265989828065
    },
    "test_ood_disk": {
      "mean_gap": 10.712024370599591,
      "median_gap": 2.4909909909909906,
      "cohen_d": 0.7154888812058542
    },
    "test_ood_mem": {
      "mean_gap": 2.6841508257830435,
      "median_gap": 2.8220720720720722,
      "cohen_d": 0.6667590803260455
    },
    "test_ood_net": {
      "mean_gap": 3.2779959260963367,
      "median_gap": 3.1944444444444446,
      "cohen_d": 0.8549980333604336
    }
  },
  "normal_reference_split": "valid_id"
}