{
  "cpu": {
    "auroc": 0.7240474356653551,
    "aupr": 0.7177301674780994,
    "n_normal": 316026,
    "n_ood": 387625
  },
  "disk": {
    "auroc": 0.7680344096525241,
    "aupr": 0.7655452150496398,
    "n_normal": 316026,
    "n_ood": 425955
  },
  "mem": {
    "auroc": 0.7234619208152826,
    "aupr": 0.7042915791817974,
    "n_normal": 316026,
    "n_ood": 385131
  },
  "net": {
    "auroc": 0.6739401485586924,
    "aupr": 0.5678868975883362,
    "n_normal": 316026,
    "n_ood": 220229
  }
}