{
  "cpu": {
    "score_method": "paper_mad_sum",
    "auroc": 0.6859516337346697,
    "aupr": 0.6544372742097307,
    "n_test_normal_balanced": 197044,
    "n_test_ood_balanced": 190902,
    "n_test_normal_full": 197044,
    "n_test_ood_full": 190902,
    "f1": 0.6779073955455485,
    "precision": 0.5761761783780415,
    "recall": 0.8232653403316885,
    "accuracy": 0.6150366288091642,
    "best_threshold": -0.4227711376148875,
    "val_f1_tune": 0.693367316229808,
    "n_val_normal_balanced": 197476,
    "n_val_ood_balanced": 197476,
    "n_val_normal_full": 197476,
    "n_val_ood_full": 646822,
    "mad_event_median": 0.232421875,
    "mad_event": 0.072265625,
    "mad_latency_median": 0.671875,
    "mad_latency": 0.140625
  },
  "disk": {
    "score_method": "paper_mad_sum",
    "auroc": 0.7104024667026975,
    "aupr": 0.6609556084406366,
    "n_test_normal_balanced": 197044,
    "n_test_ood_balanced": 123783,
    "n_test_normal_full": 197044,
    "n_test_ood_full": 123783,
    "f1": 0.5952957261346266,
    "precision": 0.46739090372991304,
    "recall": 0.8195794252845706,
    "accuracy": 0.570051772450573,
    "best_threshold": -0.4227711376148875,
    "val_f1_tune": 0.693367316229808,
    "n_val_normal_balanced": 197476,
    "n_val_ood_balanced": 197476,
    "n_val_normal_full": 197476,
    "n_val_ood_full": 646822,
    "mad_event_median": 0.232421875,
    "mad_event": 0.072265625,
    "mad_latency_median": 0.671875,
    "mad_latency": 0.140625
  },
  "mem": {
    "score_method": "paper_mad_sum",
    "auroc": 0.7297135648565631,
    "aupr": 0.7303883966155976,
    "n_test_normal_balanced": 197044,
    "n_test_ood_balanced": 217461,
    "n_test_normal_full": 197044,
    "n_test_ood_full": 217461,
    "f1": 0.7214220454667598,
    "precision": 0.6191345314378902,
    "recall": 0.8641963386538276,
    "accuracy": 0.6498522333868108,
    "best_threshold": -0.4227711376148875,
    "val_f1_tune": 0.693367316229808,
    "n_val_normal_balanced": 197476,
    "n_val_ood_balanced": 197476,
    "n_val_normal_full": 197476,
    "n_val_ood_full": 646822,
    "mad_event_median": 0.232421875,
    "mad_event": 0.072265625,
    "mad_latency_median": 0.671875,
    "mad_latency": 0.140625
  },
  "net": {
    "score_method": "paper_mad_sum",
    "auroc": 0.7550011845188378,
    "aupr": 0.6506434671884758,
    "n_test_normal_balanced": 197044,
    "n_test_ood_balanced": 120006,
    "n_test_normal_full": 197044,
    "n_test_ood_full": 120006,
    "f1": 0.6185368141774527,
    "precision": 0.4771301543652391,
    "recall": 0.8790643801143276,
    "accuracy": 0.589594701151238,
    "best_threshold": -0.4227711376148875,
    "val_f1_tune": 0.693367316229808,
    "n_val_normal_balanced": 197476,
    "n_val_ood_balanced": 197476,
    "n_val_normal_full": 197476,
    "n_val_ood_full": 646822,
    "mad_event_median": 0.232421875,
    "mad_event": 0.072265625,
    "mad_latency_median": 0.671875,
    "mad_latency": 0.140625
  }
}