{
  "cpu": {
    "auroc": 0.7538520284089224,
    "aupr": 0.7563551071927226,
    "n_normal": 316026,
    "n_ood": 387625
  },
  "disk": {
    "auroc": 0.8250620421486532,
    "aupr": 0.836793250461308,
    "n_normal": 316026,
    "n_ood": 425955
  },
  "mem": {
    "auroc": 0.7787018181167147,
    "aupr": 0.7720553728337937,
    "n_normal": 316026,
    "n_ood": 385131
  },
  "net": {
    "auroc": 0.673477341073296,
    "aupr": 0.5774188144151705,
    "n_normal": 316026,
    "n_ood": 220229
  }
}