{
  "cpu": {
    "score_method": "paper_mad_sum",
    "auroc": 0.6511820788508453,
    "aupr": 0.627755466088503,
    "n_test_normal_balanced": 197044,
    "n_test_ood_balanced": 190902,
    "n_test_normal_full": 197044,
    "n_test_ood_full": 190902,
    "f1": 0.6515160048389604,
    "precision": 0.5715646554279729,
    "recall": 0.7574724204041864,
    "accuracy": 0.6012563604212957,
    "best_threshold": -0.17643733850129184,
    "val_f1_tune": 0.6750707542074449,
    "n_val_normal_balanced": 197476,
    "n_val_ood_balanced": 197476,
    "n_val_normal_full": 197476,
    "n_val_ood_full": 646822,
    "mad_event_median": 0.2333984375,
    "mad_event": 0.0703125,
    "mad_latency_median": 0.87890625,
    "mad_latency": 0.16796875
  },
  "disk": {
    "score_method": "paper_mad_sum",
    "auroc": 0.6911977994347023,
    "aupr": 0.6496554592914943,
    "n_test_normal_balanced": 197044,
    "n_test_ood_balanced": 123783,
    "n_test_normal_full": 197044,
    "n_test_ood_full": 123783,
    "f1": 0.5799998165176892,
    "precision": 0.46663779868519467,
    "recall": 0.7661148946139615,
    "accuracy": 0.5719094714596964,
    "best_threshold": -0.17643733850129184,
    "val_f1_tune": 0.6750707542074449,
    "n_val_normal_balanced": 197476,
    "n_val_ood_balanced": 197476,
    "n_val_normal_full": 197476,
    "n_val_ood_full": 646822,
    "mad_event_median": 0.2333984375,
    "mad_event": 0.0703125,
    "mad_latency_median": 0.87890625,
    "mad_latency": 0.16796875
  },
  "mem": {
    "score_method": "paper_mad_sum",
    "auroc": 0.6756763338752219,
    "aupr": 0.6935551378882123,
    "n_test_normal_balanced": 197044,
    "n_test_ood_balanced": 217461,
    "n_test_normal_full": 197044,
    "n_test_ood_full": 217461,
    "f1": 0.6848569237599387,
    "precision": 0.6102114866638617,
    "recall": 0.7803100326035473,
    "accuracy": 0.6232470054643491,
    "best_threshold": -0.17643733850129184,
    "val_f1_tune": 0.6750707542074449,
    "n_val_normal_balanced": 197476,
    "n_val_ood_balanced": 197476,
    "n_val_normal_full": 197476,
    "n_val_ood_full": 646822,
    "mad_event_median": 0.2333984375,
    "mad_event": 0.0703125,
    "mad_latency_median": 0.87890625,
    "mad_latency": 0.16796875
  },
  "net": {
    "score_method": "paper_mad_sum",
    "auroc": 0.7615332985947416,
    "aupr": 0.6500941218594013,
    "n_test_normal_balanced": 197044,
    "n_test_ood_balanced": 120006,
    "n_test_normal_full": 197044,
    "n_test_ood_full": 120006,
    "f1": 0.6314212610928353,
    "precision": 0.49294562329254143,
    "recall": 0.8780894288618902,
    "accuracy": 0.6119791830941492,
    "best_threshold": -0.17643733850129184,
    "val_f1_tune": 0.6750707542074449,
    "n_val_normal_balanced": 197476,
    "n_val_ood_balanced": 197476,
    "n_val_normal_full": 197476,
    "n_val_ood_full": 646822,
    "mad_event_median": 0.2333984375,
    "mad_event": 0.0703125,
    "mad_latency_median": 0.87890625,
    "mad_latency": 0.16796875
  }
}