{
  "config": {
    "preprocessed_dir": "/scratch/yuvraj17/adaptive_tracing_scratch/micro-service-trace-data/preprocessed_lmat_kernel_cats5_seq512",
    "load_model": "/scratch/yuvraj17/adaptive_tracing_scratch/adaptive_tracer/logs/transformer_multitask_cats5_seq512_382062/model_best.pt",
    "model": "transformer",
    "window_size": 64,
    "trigger_ratio": 0.95,
    "warmup_sequences": 256,
    "linger_sequences": 8,
    "normal_split": "test_id",
    "scenario_mode": "both",
    "train_event_model": true,
    "train_latency_model": true,
    "max_samples": null
  },
  "calibration": {
    "threshold": 9.605263157894738,
    "threshold_f1": -5.695193713450292,
    "threshold_normal_quantile": 9.605263157894738,
    "val_f1": 0.8675645605749776,
    "n_val_normal": 197476,
    "n_val_ood": 646822,
    "mad_event": {
      "median": 0.259765625,
      "mad": 0.087890625
    },
    "mad_latency": {
      "median": 0.83203125,
      "mad": 0.22265625
    },
    "threshold_mode": "normal_quantile",
    "normal_quantile": 0.995,
    "threshold_margin": 1.0
  },
  "extraction": {
    "test_id": {
      "n_sequences": 197044,
      "wall_time_s": 66.25894560199231,
      "ms_per_sequence": 0.33626472058013596,
      "sequences_per_s": 2973.8475040580056,
      "stream_time_ms": 58148078.62282171,
      "realtime_ratio": 0.001139486414190602
    },
    "test_ood_cpu": {
      "n_sequences": 190902,
      "wall_time_s": 64.13188680500025,
      "ms_per_sequence": 0.3359414087070866,
      "sequences_per_s": 2976.709551372746,
      "stream_time_ms": 59612076.49504399,
      "realtime_ratio": 0.001075820380293782
    },
    "test_ood_disk": {
      "n_sequences": 123783,
      "wall_time_s": 38.81722542102216,
      "ms_per_sequence": 0.313590924610182,
      "sequences_per_s": 3188.867794063486,
      "stream_time_ms": 57255883.42349088,
      "realtime_ratio": 0.0006779604662443523
    },
    "test_ood_mem": {
      "n_sequences": 217461,
      "wall_time_s": 72.81474674399942,
      "ms_per_sequence": 0.33484048516285414,
      "sequences_per_s": 2986.4966881577557,
      "stream_time_ms": 65044633.50869217,
      "realtime_ratio": 0.0011194581753507598
    },
    "test_ood_net": {
      "n_sequences": 120006,
      "wall_time_s": 40.57832295401022,
      "ms_per_sequence": 0.3381357844941938,
      "sequences_per_s": 2957.3918107953796,
      "stream_time_ms": 52845828.70094943,
      "realtime_ratio": 0.0007678623640030303
    }
  },
  "scenarios": {
    "pure_normal": {
      "n_sequences": 197044,
      "n_anomaly_sequences": 0,
      "n_recorded_sequences": 0,
      "n_recorded_events": 0,
      "n_recorded_duration_ms": 0.0,
      "recorded_sequence_fraction": 0.0,
      "recorded_event_fraction": 0.0,
      "recorded_duration_fraction": 0.0,
      "trace_reduction_sequences": 1.0,
      "trace_reduction_events": 1.0,
      "trace_reduction_duration_ms": 1.0,
      "triggered_after_onset": false,
      "first_trigger_index": null,
      "capture_start_index": null,
      "trigger_delay_ms": null,
      "trigger_delay_sequences": null,
      "missed_anomaly_sequences": 0,
      "missed_anomaly_events": 0,
      "missed_anomaly_duration_ms": 0.0,
      "miss_rate_sequences": null,
      "miss_rate_events": null,
      "miss_rate_duration_ms": null,
      "anomaly_capture_recall_sequences": null,
      "anomaly_capture_recall_events": null,
      "false_trigger_count_before_onset": 0,
      "false_trigger_rate_per_1k_normal_sequences": 0.0,
      "controller_wall_s": 0.06230570003390312,
      "controller_us_per_sequence": 0.3162019652153992,
      "false_trigger_count": 0,
      "false_trigger_rate_per_1k_sequences": 0.0
    },
    "cpu_abrupt_burst": {
      "n_sequences": 191158,
      "n_anomaly_sequences": 190902,
      "n_recorded_sequences": 0,
      "n_recorded_events": 0,
      "n_recorded_duration_ms": 0.0,
      "recorded_sequence_fraction": 0.0,
      "recorded_event_fraction": 0.0,
      "recorded_duration_fraction": 0.0,
      "trace_reduction_sequences": 1.0,
      "trace_reduction_events": 1.0,
      "trace_reduction_duration_ms": 1.0,
      "trigger_count": 0,
      "triggered_after_onset": false,
      "first_trigger_index": null,
      "capture_start_index": null,
      "trigger_delay_ms": null,
      "trigger_delay_sequences": null,
      "missed_anomaly_sequences": 190902,
      "missed_anomaly_events": 22189897,
      "missed_anomaly_duration_ms": 59612076.49504399,
      "miss_rate_sequences": 1.0,
      "miss_rate_events": 1.0,
      "miss_rate_duration_ms": 1.0,
      "anomaly_capture_recall_sequences": 0.0,
      "anomaly_capture_recall_events": 0.0,
      "false_trigger_count_before_onset": 0,
      "false_trigger_rate_per_1k_normal_sequences": 0.0,
      "controller_wall_s": 0.06208210001932457,
      "controller_us_per_sequence": 0.32476851619772423,
      "inference_wall_s": 64.21797057346876,
      "inference_ms_per_sequence": 0.3359418416883874,
      "inference_sequences_per_s": 2976.705714817087,
      "stream_time_ms": 59655341.10041356,
      "realtime_ratio_inference_only": 0.0010764831679593492,
      "realtime_ratio_with_controller": 0.0010775238476181048
    },
    "disk_abrupt_burst": {
      "n_sequences": 124039,
      "n_anomaly_sequences": 123783,
      "n_recorded_sequences": 22,
      "n_recorded_events": 1183,
      "n_recorded_duration_ms": 5560.849014282227,
      "recorded_sequence_fraction": 0.000177363571134885,
      "recorded_event_fraction": 0.00010902058231182983,
      "recorded_duration_fraction": 9.704941880604118e-05,
      "trace_reduction_sequences": 0.9998226364288652,
      "trace_reduction_events": 0.9998909794176881,
      "trace_reduction_duration_ms": 0.9999029505811939,
      "trigger_count": 2,
      "triggered_after_onset": true,
      "first_trigger_index": 53903,
      "capture_start_index": 53904,
      "trigger_delay_ms": 21875765.032447815,
      "trigger_delay_sequences": 53648,
      "missed_anomaly_sequences": 53648,
      "missed_anomaly_events": 4814745,
      "missed_anomaly_duration_ms": 21875765.032447815,
      "miss_rate_sequences": 0.4334036176211596,
      "miss_rate_events": 0.445020593575226,
      "miss_rate_duration_ms": 0.3820701685911399,
      "anomaly_capture_recall_sequences": 0.5665963823788405,
      "anomaly_capture_recall_events": 0.554979406424774,
      "false_trigger_count_before_onset": 0,
      "false_trigger_rate_per_1k_normal_sequences": 0.0,
      "controller_wall_s": 0.04389680299209431,
      "controller_us_per_sequence": 0.35389517000374326,
      "inference_wall_s": 38.90330918949067,
      "inference_ms_per_sequence": 0.3136377203096661,
      "inference_sequences_per_s": 3188.39200531321,
      "stream_time_ms": 57299148.02886045,
      "realtime_ratio_inference_only": 0.0006789509186052093,
      "realtime_ratio_with_controller": 0.0006797170173082822
    },
    "mem_abrupt_burst": {
      "n_sequences": 217717,
      "n_anomaly_sequences": 217461,
      "n_recorded_sequences": 0,
      "n_recorded_events": 0,
      "n_recorded_duration_ms": 0.0,
      "recorded_sequence_fraction": 0.0,
      "recorded_event_fraction": 0.0,
      "recorded_duration_fraction": 0.0,
      "trace_reduction_sequences": 1.0,
      "trace_reduction_events": 1.0,
      "trace_reduction_duration_ms": 1.0,
      "trigger_count": 0,
      "triggered_after_onset": false,
      "first_trigger_index": null,
      "capture_start_index": null,
      "trigger_delay_ms": null,
      "trigger_delay_sequences": null,
      "missed_anomaly_sequences": 217461,
      "missed_anomaly_events": 24886470,
      "missed_anomaly_duration_ms": 65044633.50869217,
      "miss_rate_sequences": 1.0,
      "miss_rate_events": 1.0,
      "miss_rate_duration_ms": 1.0,
      "anomaly_capture_recall_sequences": 0.0,
      "anomaly_capture_recall_events": 0.0,
      "false_trigger_count_before_onset": 0,
      "false_trigger_rate_per_1k_normal_sequences": 0.0,