{
  "cpu": {
    "auroc": 0.8799534302968101,
    "aupr": 0.8939032290406481,
    "n_normal": 316026,
    "n_ood": 387625
  },
  "disk": {
    "auroc": 0.9198544149878943,
    "aupr": 0.9383283253027626,
    "n_normal": 316026,
    "n_ood": 425955
  },
  "mem": {
    "auroc": 0.8920932259958486,
    "aupr": 0.9026421955790843,
    "n_normal": 316026,
    "n_ood": 385131
  },
  "net": {
    "auroc": 0.8163166106505303,
    "aupr": 0.7742922019779741,
    "n_normal": 316026,
    "n_ood": 220229
  }
}