{
  "cpu": {
    "score_method": "paper_mad_sum",
    "auroc": 0.6508976392945015,
    "aupr": 0.6301614280566343,
    "n_test_normal_balanced": 197044,
    "n_test_ood_balanced": 190902,
    "n_test_normal_full": 197044,
    "n_test_ood_full": 190902,
    "f1": 0.6392419922857622,
    "precision": 0.5889990640507179,
    "recall": 0.6988559575069931,
    "accuracy": 0.611842885350023,
    "best_threshold": 0.3090515275877799,
    "val_f1_tune": 0.6752630563343511,
    "n_val_normal_balanced": 197476,
    "n_val_ood_balanced": 197476,
    "n_val_normal_full": 197476,
    "n_val_ood_full": 646822,
    "mad_event_median": 0.1357421875,
    "mad_event": 0.06640625,
    "mad_latency_median": 0.8671875,
    "mad_latency": 0.16796875
  },
  "disk": {
    "score_method": "paper_mad_sum",
    "auroc": 0.7215275297122323,
    "aupr": 0.6901808488635829,
    "n_test_normal_balanced": 197044,
    "n_test_ood_balanced": 123783,
    "n_test_normal_full": 197044,
    "n_test_ood_full": 123783,
    "f1": 0.5982322620259505,
    "precision": 0.49855105250684073,
    "recall": 0.7477359572800788,
    "accuracy": 0.6124983246422526,
    "best_threshold": 0.3090515275877799,
    "val_f1_tune": 0.6752630563343511,
    "n_val_normal_balanced": 197476,
    "n_val_ood_balanced": 197476,
    "n_val_normal_full": 197476,
    "n_val_ood_full": 646822,
    "mad_event_median": 0.1357421875,
    "mad_event": 0.06640625,
    "mad_latency_median": 0.8671875,
    "mad_latency": 0.16796875
  },
  "mem": {
    "score_method": "paper_mad_sum",
    "auroc": 0.6931350724671926,
    "aupr": 0.7164530278915253,
    "n_test_normal_balanced": 197044,
    "n_test_ood_balanced": 217461,
    "n_test_normal_full": 197044,
    "n_test_ood_full": 217461,
    "f1": 0.6887795815828918,
    "precision": 0.6366726639061152,
    "recall": 0.7501758936085091,
    "accuracy": 0.6443420465374362,
    "best_threshold": 0.3090515275877799,
    "val_f1_tune": 0.6752630563343511,
    "n_val_normal_balanced": 197476,
    "n_val_ood_balanced": 197476,
    "n_val_normal_full": 197476,
    "n_val_ood_full": 646822,
    "mad_event_median": 0.1357421875,
    "mad_event": 0.06640625,
    "mad_latency_median": 0.8671875,
    "mad_latency": 0.16796875
  },
  "net": {
    "score_method": "paper_mad_sum",
    "auroc": 0.7753225296796981,
    "aupr": 0.6765900448102884,
    "n_test_normal_balanced": 197044,
    "n_test_ood_balanced": 120006,
    "n_test_normal_full": 197044,
    "n_test_ood_full": 120006,
    "f1": 0.6503155687996985,
    "precision": 0.5244747743560144,
    "recall": 0.8556072196390181,
    "accuracy": 0.651717394732692,
    "best_threshold": 0.3090515275877799,
    "val_f1_tune": 0.6752630563343511,
    "n_val_normal_balanced": 197476,
    "n_val_ood_balanced": 197476,
    "n_val_normal_full": 197476,
    "n_val_ood_full": 646822,
    "mad_event_median": 0.1357421875,
    "mad_event": 0.06640625,
    "mad_latency_median": 0.8671875,
    "mad_latency": 0.16796875
  }
}