{
  "cpu": {
    "score_method": "latency_loss",
    "auroc": 0.6823713928644445,
    "aupr": 0.6675685919647547,
    "n_test_normal_balanced": 197044,
    "n_test_ood_balanced": 190902,
    "n_test_normal_full": 197044,
    "n_test_ood_full": 190902,
    "f1": 0.6685751362910302,
    "precision": 0.5680506968992106,
    "recall": 0.8123277912227216,
    "accuracy": 0.6036896887711176,
    "best_threshold": 0.6175523237748579,
    "val_f1_tune": 0.6740969630603927,
    "n_val_normal_balanced": 197476,
    "n_val_ood_balanced": 197476,
    "n_val_normal_full": 197476,
    "n_val_ood_full": 646822
  },
  "disk": {
    "score_method": "latency_loss",
    "auroc": 0.6268152738800163,
    "aupr": 0.580624884389611,
    "n_test_normal_balanced": 197044,
    "n_test_ood_balanced": 123783,
    "n_test_normal_full": 197044,
    "n_test_ood_full": 123783,
    "f1": 0.5424256221148135,
    "precision": 0.4327169165047049,
    "recall": 0.726658749585969,
    "accuracy": 0.5269880652189498,
    "best_threshold": 0.6175523237748579,
    "val_f1_tune": 0.6740969630603927,
    "n_val_normal_balanced": 197476,
    "n_val_ood_balanced": 197476,
    "n_val_normal_full": 197476,
    "n_val_ood_full": 646822
  },
  "mem": {
    "score_method": "latency_loss",
    "auroc": 0.7487785750681576,
    "aupr": 0.7640146166062468,
    "n_test_normal_balanced": 197044,
    "n_test_ood_balanced": 217461,
    "n_test_normal_full": 197044,
    "n_test_ood_full": 217461,
    "f1": 0.7193675134695499,
    "precision": 0.6150342949858478,
    "recall": 0.8663300545845002,
    "accuracy": 0.6453890785394627,
    "best_threshold": 0.6175523237748579,
    "val_f1_tune": 0.6740969630603927,
    "n_val_normal_balanced": 197476,
    "n_val_ood_balanced": 197476,
    "n_val_normal_full": 197476,
    "n_val_ood_full": 646822
  },
  "net": {
    "score_method": "latency_loss",
    "auroc": 0.6947211405915023,
    "aupr": 0.5770386970145811,
    "n_test_normal_balanced": 197044,
    "n_test_ood_balanced": 120006,
    "n_test_normal_full": 197044,
    "n_test_ood_full": 120006,
    "f1": 0.581502524876141,
    "precision": 0.45269567800386157,
    "recall": 0.8127593620318984,
    "accuracy": 0.5571991799400725,
    "best_threshold": 0.6175523237748579,
    "val_f1_tune": 0.6740969630603927,
    "n_val_normal_balanced": 197476,
    "n_val_ood_balanced": 197476,
    "n_val_normal_full": 197476,
    "n_val_ood_full": 646822
  }
}