{
  "config": {
    "preprocessed_dir": "/scratch/yuvraj17/adaptive_tracing_scratch/micro-service-trace-data/preprocessed_lmat_kernel_cats5_seq512",
    "load_model": "/scratch/yuvraj17/adaptive_tracing_scratch/adaptive_tracer/logs/transformer_multitask_cats5_seq512_382062/model_best.pt",
    "model": "transformer",
    "window_size": 64,
    "trigger_ratio": 0.95,
    "warmup_sequences": 256,
    "linger_sequences": 8,
    "normal_split": "test_id",
    "scenario_mode": "both",
    "train_event_model": true,
    "train_latency_model": true,
    "max_samples": null
  },
  "calibration": {
    "threshold": 4.4187134502923975,
    "threshold_f1": -5.695193713450292,
    "threshold_normal_quantile": 4.4187134502923975,
    "val_f1": 0.8675645605749776,
    "n_val_normal": 197476,
    "n_val_ood": 646822,
    "mad_event": {
      "median": 0.259765625,
      "mad": 0.087890625
    },
    "mad_latency": {
      "median": 0.83203125,
      "mad": 0.22265625
    },
    "threshold_mode": "normal_quantile",
    "normal_quantile": 0.97,
    "threshold_margin": 1.0
  },
  "extraction": {
    "test_id": {
      "n_sequences": 197044,
      "wall_time_s": 65.92061430303147,
      "ms_per_sequence": 0.33454768631895143,
      "sequences_per_s": 2989.1104942409283,
      "stream_time_ms": 58148078.62282171,
      "realtime_ratio": 0.001133667970882175
    },
    "test_ood_cpu": {
      "n_sequences": 190902,
      "wall_time_s": 63.725051395013,
      "ms_per_sequence": 0.33381028692739206,
      "sequences_per_s": 2995.7135509652903,
      "stream_time_ms": 59612076.49504399,
      "realtime_ratio": 0.0010689956656737322
    },
    "test_ood_disk": {
      "n_sequences": 123783,
      "wall_time_s": 38.49755188799463,
      "ms_per_sequence": 0.3110083928164177,
      "sequences_per_s": 3215.347312476808,
      "stream_time_ms": 57255883.42349088,
      "realtime_ratio": 0.0006723772228479824
    },
    "test_ood_mem": {
      "n_sequences": 217461,
      "wall_time_s": 72.33653069898719,
      "ms_per_sequence": 0.33264139638366047,
      "sequences_per_s": 3006.2403864088656,
      "stream_time_ms": 65044633.50869217,
      "realtime_ratio": 0.0011121060539040562
    },
    "test_ood_net": {
      "n_sequences": 120006,
      "wall_time_s": 40.364869504992384,
      "ms_per_sequence": 0.33635709468686886,
      "sequences_per_s": 2973.030793154366,
      "stream_time_ms": 52845828.70094943,
      "realtime_ratio": 0.0007638231909166218
    }
  },
  "scenarios": {
    "pure_normal": {
      "n_sequences": 197044,
      "n_anomaly_sequences": 0,
      "n_recorded_sequences": 0,
      "n_recorded_events": 0,
      "n_recorded_duration_ms": 0.0,
      "recorded_sequence_fraction": 0.0,
      "recorded_event_fraction": 0.0,
      "recorded_duration_fraction": 0.0,
      "trace_reduction_sequences": 1.0,
      "trace_reduction_events": 1.0,
      "trace_reduction_duration_ms": 1.0,
      "triggered_after_onset": false,
      "first_trigger_index": null,
      "capture_start_index": null,
      "trigger_delay_ms": null,
      "trigger_delay_sequences": null,
      "missed_anomaly_sequences": 0,
      "missed_anomaly_events": 0,
      "missed_anomaly_duration_ms": 0.0,
      "miss_rate_sequences": null,
      "miss_rate_events": null,
      "miss_rate_duration_ms": null,
      "anomaly_capture_recall_sequences": null,
      "anomaly_capture_recall_events": null,
      "false_trigger_count_before_onset": 0,
      "false_trigger_rate_per_1k_normal_sequences": 0.0,
      "controller_wall_s": 0.06897705502342433,
      "controller_us_per_sequence": 0.35005914934443233,
      "false_trigger_count": 0,
      "false_trigger_rate_per_1k_sequences": 0.0
    },
    "cpu_abrupt_burst": {
      "n_sequences": 191158,
      "n_anomaly_sequences": 190902,
      "n_recorded_sequences": 0,
      "n_recorded_events": 0,
      "n_recorded_duration_ms": 0.0,
      "recorded_sequence_fraction": 0.0,
      "recorded_event_fraction": 0.0,
      "recorded_duration_fraction": 0.0,
      "trace_reduction_sequences": 1.0,
      "trace_reduction_events": 1.0,
      "trace_reduction_duration_ms": 1.0,
      "trigger_count": 0,
      "triggered_after_onset": false,
      "first_trigger_index": null,
      "capture_start_index": null,
      "trigger_delay_ms": null,
      "trigger_delay_sequences": null,
      "missed_anomaly_sequences": 190902,
      "missed_anomaly_events": 22189897,
      "missed_anomaly_duration_ms": 59612076.49504399,
      "miss_rate_sequences": 1.0,
      "miss_rate_events": 1.0,
      "miss_rate_duration_ms": 1.0,
      "anomaly_capture_recall_sequences": 0.0,
      "anomaly_capture_recall_events": 0.0,
      "false_trigger_count_before_onset": 0,
      "false_trigger_rate_per_1k_normal_sequences": 0.0,
      "controller_wall_s": 0.07026684598531574,
      "controller_us_per_sequence": 0.367585170305798,
      "inference_wall_s": 63.81069560271065,
      "inference_ms_per_sequence": 0.33381127445731096,
      "inference_sequences_per_s": 2995.7046886020735,
      "stream_time_ms": 59655341.10041356,
      "realtime_ratio_inference_only": 0.00106965603457539,
      "realtime_ratio_with_controller": 0.0010708339147901228
    },
    "disk_abrupt_burst": {
      "n_sequences": 124039,
      "n_anomaly_sequences": 123783,
      "n_recorded_sequences": 362,
      "n_recorded_events": 23602,
      "n_recorded_duration_ms": 40955.24429215118,
      "recorded_sequence_fraction": 0.0029184369432194712,
      "recorded_event_fraction": 0.00217506659655436,
      "recorded_duration_fraction": 0.0007147618367994379,
      "trace_reduction_sequences": 0.9970815630567805,
      "trace_reduction_events": 0.9978249334034457,
      "trace_reduction_duration_ms": 0.9992852381632006,
      "trigger_count": 2,
      "triggered_after_onset": true,
      "first_trigger_index": 53903,
      "capture_start_index": 53904,
      "trigger_delay_ms": 21875765.032447815,
      "trigger_delay_sequences": 53648,
      "missed_anomaly_sequences": 53648,
      "missed_anomaly_events": 4814745,
      "missed_anomaly_duration_ms": 21875765.032447815,
      "miss_rate_sequences": 0.4334036176211596,
      "miss_rate_events": 0.445020593575226,
      "miss_rate_duration_ms": 0.3820701685911399,
      "anomaly_capture_recall_sequences": 0.5665963823788405,
      "anomaly_capture_recall_events": 0.554979406424774,
      "false_trigger_count_before_onset": 0,
      "false_trigger_rate_per_1k_normal_sequences": 0.0,
      "controller_wall_s": 0.04667968099238351,
      "controller_us_per_sequence": 0.37633067819301597,
      "inference_wall_s": 38.58319609569229,
      "inference_ms_per_sequence": 0.31105697478770616,
      "inference_sequences_per_s": 3214.845128235725,
      "stream_time_ms": 57299148.02886045,
      "realtime_ratio_inference_only": 0.0006733642195911655,
      "realtime_ratio_with_controller": 0.0006741788858226576
    },
    "mem_abrupt_burst": {
      "n_sequences": 217717,
      "n_anomaly_sequences": 217461,
      "n_recorded_sequences": 0,
      "n_recorded_events": 0,
      "n_recorded_duration_ms": 0.0,
      "recorded_sequence_fraction": 0.0,
      "recorded_event_fraction": 0.0,
      "recorded_duration_fraction": 0.0,
      "trace_reduction_sequences": 1.0,
      "trace_reduction_events": 1.0,
      "trace_reduction_duration_ms": 1.0,
      "trigger_count": 0,
      "triggered_after_onset": false,
      "first_trigger_index": null,
      "capture_start_index": null,
      "trigger_delay_ms": null,
      "trigger_delay_sequences": null,
      "missed_anomaly_sequences": 217461,
      "missed_anomaly_events": 24886470,
      "missed_anomaly_duration_ms": 65044633.50869217,
      "miss_rate_sequences": 1.0,
      "miss_rate_events": 1.0,
      "miss_rate_duration_ms": 1.0,
      "anomaly_capture_recall_sequences": 0.0,
      "anomaly_capture_recall_events": 0.0,
      "false_trigger_count_before_onset": 0,
      "false_trigger_rate_per_1k_normal_sequences": 0.0,