{
  "cpu": {
    "score_method": "latency_loss",
    "auroc": 0.6867330685041546,
    "aupr": 0.6729921267537935,
    "n_test_normal_balanced": 197044,
    "n_test_ood_balanced": 190902,
    "n_test_normal_full": 197044,
    "n_test_ood_full": 190902,
    "f1": 0.6688798185941043,
    "precision": 0.5897208294348615,
    "recall": 0.77258488648626,
    "accuracy": 0.6235970985652642,
    "best_threshold": 0.6607485684481534,
    "val_f1_tune": 0.6779100122175247,
    "n_val_normal_balanced": 197476,
    "n_val_ood_balanced": 197476,
    "n_val_normal_full": 197476,
    "n_val_ood_full": 646822
  },
  "disk": {
    "score_method": "latency_loss",
    "auroc": 0.6338156171394094,
    "aupr": 0.5869352987408414,
    "n_test_normal_balanced": 197044,
    "n_test_ood_balanced": 123783,
    "n_test_normal_full": 197044,
    "n_test_ood_full": 123783,
    "f1": 0.545630331997122,
    "precision": 0.45287797595243806,
    "recall": 0.686160458221242,
    "accuracy": 0.5590832442406656,
    "best_threshold": 0.6607485684481534,
    "val_f1_tune": 0.6779100122175247,
    "n_val_normal_balanced": 197476,
    "n_val_ood_balanced": 197476,
    "n_val_normal_full": 197476,
    "n_val_ood_full": 646822
  },
  "mem": {
    "score_method": "latency_loss",
    "auroc": 0.7492622190892478,
    "aupr": 0.7660526030396299,
    "n_test_normal_balanced": 197044,
    "n_test_ood_balanced": 217461,
    "n_test_normal_full": 197044,
    "n_test_ood_full": 217461,
    "f1": 0.7243949194355106,
    "precision": 0.6391710886757885,
    "recall": 0.8358418291095875,
    "accuracy": 0.666329718579993,
    "best_threshold": 0.6607485684481534,
    "val_f1_tune": 0.6779100122175247,
    "n_val_normal_balanced": 197476,
    "n_val_ood_balanced": 197476,
    "n_val_normal_full": 197476,
    "n_val_ood_full": 646822
  },
  "net": {
    "score_method": "latency_loss",
    "auroc": 0.712870284561058,
    "aupr": 0.6191113259829891,
    "n_test_normal_balanced": 197044,
    "n_test_ood_balanced": 120006,
    "n_test_normal_full": 197044,
    "n_test_ood_full": 120006,
    "f1": 0.5978623030944328,
    "precision": 0.4805398618957941,
    "recall": 0.7909771178107762,
    "accuracy": 0.5972433370130894,
    "best_threshold": 0.6607485684481534,
    "val_f1_tune": 0.6779100122175247,
    "n_val_normal_balanced": 197476,
    "n_val_ood_balanced": 197476,
    "n_val_normal_full": 197476,
    "n_val_ood_full": 646822
  }
}