{
  "cpu": {
    "auroc": 0.7368787782418345,
    "aupr": 0.7424703620917658,
    "n_normal": 316026,
    "n_ood": 387625
  },
  "disk": {
    "auroc": 0.7909383351052134,
    "aupr": 0.801089620835147,
    "n_normal": 316026,
    "n_ood": 425955
  },
  "mem": {
    "auroc": 0.748474856528193,
    "aupr": 0.7403520843670796,
    "n_normal": 316026,
    "n_ood": 385131
  },
  "net": {
    "auroc": 0.6680129649280403,
    "aupr": 0.5793085881832819,
    "n_normal": 316026,
    "n_ood": 220229
  }
}