{
  "cpu": {
    "score_method": "event_loss",
    "auroc": 0.5706574598241149,
    "aupr": 0.5682311180144803,
    "n_test_normal_balanced": 197044,
    "n_test_ood_balanced": 190902,
    "n_test_normal_full": 197044,
    "n_test_ood_full": 190902,
    "f1": 0.6595882151729475,
    "precision": 0.49208133132617077,
    "recall": 0.9999895234203937,
    "accuracy": 0.4920787944713955,
    "best_threshold": 0.08203125,
    "val_f1_tune": 0.6666677919811217,
    "n_val_normal_balanced": 197476,
    "n_val_ood_balanced": 197476,
    "n_val_normal_full": 197476,
    "n_val_ood_full": 646822
  },
  "disk": {
    "score_method": "event_loss",
    "auroc": 0.7120825743372022,
    "aupr": 0.6720290632253587,
    "n_test_normal_balanced": 197044,
    "n_test_ood_balanced": 123783,
    "n_test_normal_full": 197044,
    "n_test_ood_full": 123783,
    "f1": 0.5568095940693825,
    "precision": 0.38582093041377696,
    "recall": 0.9999838426924538,
    "accuracy": 0.3858185252488101,
    "best_threshold": 0.08203125,
    "val_f1_tune": 0.6666677919811217,
    "n_val_normal_balanced": 197476,
    "n_val_ood_balanced": 197476,
    "n_val_normal_full": 197476,
    "n_val_ood_full": 646822
  },
  "mem": {
    "score_method": "event_loss",
    "auroc": 0.5561711811160741,
    "aupr": 0.5897854667474093,
    "n_test_normal_balanced": 197044,
    "n_test_ood_balanced": 217461,
    "n_test_normal_full": 197044,
    "n_test_ood_full": 217461,
    "f1": 0.6882047451919882,
    "precision": 0.5246281709508932,
    "recall": 1.0,
    "accuracy": 0.5246281709508932,
    "best_threshold": 0.08203125,
    "val_f1_tune": 0.6666677919811217,
    "n_val_normal_balanced": 197476,
    "n_val_ood_balanced": 197476,
    "n_val_normal_full": 197476,
    "n_val_ood_full": 646822
  },
  "net": {
    "score_method": "event_loss",
    "auroc": 0.6846976091704472,
    "aupr": 0.6167782781873469,
    "n_test_normal_balanced": 197044,
    "n_test_ood_balanced": 120006,
    "n_test_normal_full": 197044,
    "n_test_ood_full": 120006,
    "f1": 0.5491395741000478,
    "precision": 0.37849832042769954,
    "recall": 0.9999583354165625,
    "accuracy": 0.37849235136413817,
    "best_threshold": 0.08203125,
    "val_f1_tune": 0.6666677919811217,
    "n_val_normal_balanced": 197476,
    "n_val_ood_balanced": 197476,
    "n_val_normal_full": 197476,
    "n_val_ood_full": 646822
  }
}