{
  "cpu": {
    "auroc": 0.6341906013164155,
    "aupr": 0.6224439928137543,
    "n_test_normal_balanced": 108483,
    "n_test_ood_balanced": 108483,
    "n_test_normal_full": 108483,
    "n_test_ood_full": 220454,
    "f1": 0.6605609700030285,
    "precision": 0.5466728671683436,
    "recall": 0.8343887982448863,
    "accuracy": 0.5712369680042034,
    "best_threshold": 0.36375381007339014,
    "val_f1_tune": 0.6903116922273658,
    "n_val_normal_balanced": 107251,
    "n_val_ood_balanced": 107251,
    "n_val_normal_full": 107251,
    "n_val_ood_full": 219807
  },
  "disk": {
    "auroc": 0.6193869036747301,
    "aupr": 0.6124182694441567,
    "n_test_normal_balanced": 108483,
    "n_test_ood_balanced": 108483,
    "n_test_normal_full": 108483,
    "n_test_ood_full": 268102,
    "f1": 0.6494367959949937,
    "precision": 0.5405970204134161,
    "recall": 0.8131504475355585,
    "accuracy": 0.5610648673063983,
    "best_threshold": 0.3637717275908499,
    "val_f1_tune": 0.6689450167324122,
    "n_val_normal_balanced": 107251,
    "n_val_ood_balanced": 107251,
    "n_val_normal_full": 107251,
    "n_val_ood_full": 269244
  },
  "mem": {
    "auroc": 0.7922163420021766,
    "aupr": 0.7944712267647512,
    "n_test_normal_balanced": 108483,
    "n_test_ood_balanced": 108483,
    "n_test_normal_full": 108483,
    "n_test_ood_full": 234136,
    "f1": 0.6666687151249969,
    "precision": 0.500002304519162,
    "recall": 1.0,
    "accuracy": 0.500004609017081,
    "best_threshold": 0.012744903564453125,
    "val_f1_tune": 0.6666687386558592,
    "n_val_normal_balanced": 107251,
    "n_val_ood_balanced": 107251,
    "n_val_normal_full": 107251,
    "n_val_ood_full": 227382
  },
  "net": {
    "auroc": 0.755637623845492,
    "aupr": 0.7651075227130157,
    "n_test_normal_balanced": 108483,
    "n_test_ood_balanced": 108483,
    "n_test_normal_full": 108483,
    "n_test_ood_full": 120006,
    "f1": 0.7258873087063373,
    "precision": 0.6746872525732384,
    "recall": 0.7854963450494548,
    "accuracy": 0.7033774877169695,
    "best_threshold": 0.48078066893298216,
    "val_f1_tune": 0.7327265746348104,
    "n_val_normal_balanced": 107251,
    "n_val_ood_balanced": 107251,
    "n_val_normal_full": 107251,
    "n_val_ood_full": 120077
  }
}