{
  "config": {
    "preprocessed_dir": "/scratch/yuvraj17/adaptive_tracing_scratch/micro-service-trace-data/preprocessed_lmat_kernel_cats5_seq512",
    "load_model": "/scratch/yuvraj17/adaptive_tracing_scratch/adaptive_tracer/logs/transformer_multitask_cats5_seq512_382062/model_best.pt",
    "model": "transformer",
    "window_size": 64,
    "trigger_ratio": 0.95,
    "warmup_sequences": 256,
    "linger_sequences": 8,
    "normal_split": "test_id",
    "scenario_mode": "both",
    "train_event_model": true,
    "train_latency_model": true,
    "max_samples": null
  },
  "calibration": {
    "threshold": 3.421052631578947,
    "threshold_f1": -5.695193713450292,
    "threshold_normal_quantile": 3.421052631578947,
    "val_f1": 0.8675645605749776,
    "n_val_normal": 197476,
    "n_val_ood": 646822,
    "mad_event": {
      "median": 0.259765625,
      "mad": 0.087890625
    },
    "mad_latency": {
      "median": 0.83203125,
      "mad": 0.22265625
    },
    "threshold_mode": "normal_quantile",
    "normal_quantile": 0.95,
    "threshold_margin": 1.0
  },
  "extraction": {
    "test_id": {
      "n_sequences": 197044,
      "wall_time_s": 66.31631371501135,
      "ms_per_sequence": 0.3365558642486518,
      "sequences_per_s": 2971.2749240975554,
      "stream_time_ms": 58148078.62282171,
      "realtime_ratio": 0.0011404730007533526
    },
    "test_ood_cpu": {
      "n_sequences": 190902,
      "wall_time_s": 64.41243160102749,
      "ms_per_sequence": 0.33741098365144157,
      "sequences_per_s": 2963.744656970143,
      "stream_time_ms": 59612076.49504399,
      "realtime_ratio": 0.0010805265541518688
    },
    "test_ood_disk": {
      "n_sequences": 123783,
      "wall_time_s": 38.84299729403574,
      "ms_per_sequence": 0.31379912664934395,
      "sequences_per_s": 3186.752017692688,
      "stream_time_ms": 57255883.42349088,
      "realtime_ratio": 0.000678410583707792
    },
    "test_ood_mem": {
      "n_sequences": 217461,
      "wall_time_s": 72.7543494469719,
      "ms_per_sequence": 0.33456274663949814,
      "sequences_per_s": 2988.9759396240593,
      "stream_time_ms": 65044633.50869217,
      "realtime_ratio": 0.0011185296237736424
    },
    "test_ood_net": {
      "n_sequences": 120006,
      "wall_time_s": 40.94270221696934,
      "ms_per_sequence": 0.3411721265350844,
      "sequences_per_s": 2931.071802834295,
      "stream_time_ms": 52845828.70094943,
      "realtime_ratio": 0.0007747575016499601
    }
  },
  "scenarios": {
    "pure_normal": {
      "n_sequences": 197044,
      "n_anomaly_sequences": 0,
      "n_recorded_sequences": 0,
      "n_recorded_events": 0,
      "n_recorded_duration_ms": 0.0,
      "recorded_sequence_fraction": 0.0,
      "recorded_event_fraction": 0.0,
      "recorded_duration_fraction": 0.0,
      "trace_reduction_sequences": 1.0,
      "trace_reduction_events": 1.0,
      "trace_reduction_duration_ms": 1.0,
      "triggered_after_onset": false,
      "first_trigger_index": null,
      "capture_start_index": null,
      "trigger_delay_ms": null,
      "trigger_delay_sequences": null,
      "missed_anomaly_sequences": 0,
      "missed_anomaly_events": 0,
      "missed_anomaly_duration_ms": 0.0,
      "miss_rate_sequences": null,
      "miss_rate_events": null,
      "miss_rate_duration_ms": null,
      "anomaly_capture_recall_sequences": null,
      "anomaly_capture_recall_events": null,
      "false_trigger_count_before_onset": 0,
      "false_trigger_rate_per_1k_normal_sequences": 0.0,
      "controller_wall_s": 0.069773591007106,
      "controller_us_per_sequence": 0.35410157633374273,
      "false_trigger_count": 0,
      "false_trigger_rate_per_1k_sequences": 0.0
    },
    "cpu_abrupt_burst": {
      "n_sequences": 191158,
      "n_anomaly_sequences": 190902,
      "n_recorded_sequences": 0,
      "n_recorded_events": 0,
      "n_recorded_duration_ms": 0.0,
      "recorded_sequence_fraction": 0.0,
      "recorded_event_fraction": 0.0,
      "recorded_duration_fraction": 0.0,
      "trace_reduction_sequences": 1.0,
      "trace_reduction_events": 1.0,
      "trace_reduction_duration_ms": 1.0,
      "trigger_count": 0,
      "triggered_after_onset": false,
      "first_trigger_index": null,
      "capture_start_index": null,
      "trigger_delay_ms": null,
      "trigger_delay_sequences": null,
      "missed_anomaly_sequences": 190902,
      "missed_anomaly_events": 22189897,
      "missed_anomaly_duration_ms": 59612076.49504399,
      "miss_rate_sequences": 1.0,
      "miss_rate_events": 1.0,
      "miss_rate_duration_ms": 1.0,
      "anomaly_capture_recall_sequences": 0.0,
      "anomaly_capture_recall_events": 0.0,
      "false_trigger_count_before_onset": 0,
      "false_trigger_rate_per_1k_normal_sequences": 0.0,
      "controller_wall_s": 0.07013222196837887,
      "controller_us_per_sequence": 0.3668809150983944,
      "inference_wall_s": 64.49858990227514,
      "inference_ms_per_sequence": 0.3374098384701406,
      "inference_sequences_per_s": 2963.7547160276295,
      "stream_time_ms": 59655341.10041356,
      "realtime_ratio_inference_only": 0.0010811871780887026,
      "realtime_ratio_with_controller": 0.0010823628016066427
    },
    "disk_abrupt_burst": {
      "n_sequences": 124039,
      "n_anomaly_sequences": 123783,
      "n_recorded_sequences": 446,
      "n_recorded_events": 30735,
      "n_recorded_duration_ms": 52180.88539455086,
      "recorded_sequence_fraction": 0.0035956433057344867,
      "recorded_event_fraction": 0.002832415551440482,
      "recorded_duration_fraction": 0.0009106747166339782,
      "trace_reduction_sequences": 0.9964043566942655,
      "trace_reduction_events": 0.9971675844485595,
      "trace_reduction_duration_ms": 0.999089325283366,
      "trigger_count": 3,
      "triggered_after_onset": true,
      "first_trigger_index": 53902,
      "capture_start_index": 53903,
      "trigger_delay_ms": 21875646.086791992,
      "trigger_delay_sequences": 53647,
      "missed_anomaly_sequences": 53647,
      "missed_anomaly_events": 4814736,
      "missed_anomaly_duration_ms": 21875646.086791992,
      "miss_rate_sequences": 0.4333955389673865,
      "miss_rate_events": 0.4450197617169776,
      "miss_rate_duration_ms": 0.38206809115125584,
      "anomaly_capture_recall_sequences": 0.5666044610326135,
      "anomaly_capture_recall_events": 0.5549802382830225,
      "false_trigger_count_before_onset": 0,
      "false_trigger_rate_per_1k_normal_sequences": 0.0,
      "controller_wall_s": 0.04840114898979664,
      "controller_us_per_sequence": 0.39020911963008925,
      "inference_wall_s": 38.9291555952834,
      "inference_ms_per_sequence": 0.3138460935293206,
      "inference_sequences_per_s": 3186.275122161355,
      "stream_time_ms": 57299148.02886045,
      "realtime_ratio_inference_only": 0.0006794019969664391,
      "realtime_ratio_with_controller": 0.0006802467067161446
    },
    "mem_abrupt_burst": {
      "n_sequences": 217717,
      "n_anomaly_sequences": 217461,
      "n_recorded_sequences": 0,
      "n_recorded_events": 0,
      "n_recorded_duration_ms": 0.0,
      "recorded_sequence_fraction": 0.0,
      "recorded_event_fraction": 0.0,
      "recorded_duration_fraction": 0.0,
      "trace_reduction_sequences": 1.0,
      "trace_reduction_events": 1.0,
      "trace_reduction_duration_ms": 1.0,
      "trigger_count": 0,
      "triggered_after_onset": false,
      "first_trigger_index": null,
      "capture_start_index": null,
      "trigger_delay_ms": null,
      "trigger_delay_sequences": null,
      "missed_anomaly_sequences": 217461,
      "missed_anomaly_events": 24886470,
      "missed_anomaly_duration_ms": 65044633.50869217,
      "miss_rate_sequences": 1.0,
      "miss_rate_events": 1.0,
      "miss_rate_duration_ms": 1.0,
      "anomaly_capture_recall_sequences": 0.0,
      "anomaly_capture_recall_events": 0.0,
      "false_trigger_count_before_onset": 0,
      "false_trigger_rate_per_1k_normal_sequences": 0.0,