{
  "cpu": {
    "auroc": 0.6403129000605572,
    "aupr": 0.6178917218437969,
    "n_test_normal_balanced": 108483,
    "n_test_ood_balanced": 108483,
    "n_test_normal_full": 108483,
    "n_test_ood_full": 220454,
    "f1": 0.6706353323340118,
    "precision": 0.5479946211412535,
    "recall": 0.8639971239733415,
    "accuracy": 0.5756708424361421,
    "best_threshold": 0.5816243489583334,
    "val_f1_tune": 0.6750266160256103,
    "n_val_normal_balanced": 107251,
    "n_val_ood_balanced": 107251,
    "n_val_normal_full": 107251,
    "n_val_ood_full": 219807
  },
  "disk": {
    "auroc": 0.6321362734418097,
    "aupr": 0.6067294827154288,
    "n_test_normal_balanced": 108483,
    "n_test_ood_balanced": 108483,
    "n_test_normal_full": 108483,
    "n_test_ood_full": 268102,
    "f1": 0.6569467801257578,
    "precision": 0.5676326881258558,
    "recall": 0.7796152392540767,
    "accuracy": 0.5928901302508227,
    "best_threshold": 0.6408876361268939,
    "val_f1_tune": 0.6900287541442107,
    "n_val_normal_balanced": 107251,
    "n_val_ood_balanced": 107251,
    "n_val_normal_full": 107251,
    "n_val_ood_full": 269244
  },
  "mem": {
    "auroc": 0.7873623547052422,
    "aupr": 0.7882212822978553,
    "n_test_normal_balanced": 108483,
    "n_test_ood_balanced": 108483,
    "n_test_normal_full": 108483,
    "n_test_ood_full": 234136,
    "f1": 0.6677906305124963,
    "precision": 0.5049052933733689,
    "recall": 0.9858226634587908,
    "accuracy": 0.509577537494354,
    "best_threshold": 0.20311451921559343,
    "val_f1_tune": 0.667631940009737,
    "n_val_normal_balanced": 107251,
    "n_val_ood_balanced": 107251,
    "n_val_normal_full": 107251,
    "n_val_ood_full": 227382
  },
  "net": {
    "auroc": 0.6993718800779064,
    "aupr": 0.6874029466854162,
    "n_test_normal_balanced": 108483,
    "n_test_ood_balanced": 108483,
    "n_test_normal_full": 108483,
    "n_test_ood_full": 120006,
    "f1": 0.687806593255806,
    "precision": 0.6430226498296252,
    "recall": 0.7392955578293373,
    "accuracy": 0.6644359023994543,
    "best_threshold": 0.7452898121843434,
    "val_f1_tune": 0.6967865995113303,
    "n_val_normal_balanced": 107251,
    "n_val_ood_balanced": 107251,
    "n_val_normal_full": 107251,
    "n_val_ood_full": 120077
  }
}