{
  "cpu": {
    "auroc": 0.49768033066490364,
    "aupr": 0.5003035705753757,
    "n_test_normal_balanced": 316026,
    "n_test_ood_balanced": 316026,
    "n_test_normal_full": 316026,
    "n_test_ood_full": 387625,
    "f1": 0.009249637223236436,
    "precision": 0.33536999321113375,
    "recall": 0.004689487573807219,
    "accuracy": 0.4976979742173112,
    "best_threshold": 0.041351010101010104,
    "val_f1_tune": 0.009249637223236436,
    "n_val_normal_balanced": 316026,
    "n_val_ood_balanced": 316026,
    "n_val_normal_full": 316026,
    "n_val_ood_full": 387625
  },
  "disk": {
    "auroc": 0.49747659731271815,
    "aupr": 0.5011743383580388,
    "n_test_normal_balanced": 316026,
    "n_test_ood_balanced": 316026,
    "n_test_normal_full": 316026,
    "n_test_ood_full": 425955,
    "f1": 0.008442378113556546,
    "precision": 0.33556880278191753,
    "recall": 0.004274964718092815,
    "accuracy": 0.4979052356451684,
    "best_threshold": 0.16161616161616163,
    "val_f1_tune": 0.008442378113556546,
    "n_val_normal_balanced": 316026,
    "n_val_ood_balanced": 316026,
    "n_val_normal_full": 316026,
    "n_val_ood_full": 425955
  },
  "mem": {
    "auroc": 0.49765619767409297,
    "aupr": 0.5001791785692269,
    "n_test_normal_balanced": 316026,
    "n_test_ood_balanced": 316026,
    "n_test_normal_full": 316026,
    "n_test_ood_full": 385131,
    "f1": 0.009158646867674097,
    "precision": 0.3390339727293737,
    "recall": 0.004642023124679615,
    "accuracy": 0.49779606741217497,
    "best_threshold": 0.08207070707070707,
    "val_f1_tune": 0.009158646867674097,
    "n_val_normal_balanced": 316026,
    "n_val_ood_balanced": 316026,
    "n_val_normal_full": 316026,
    "n_val_ood_full": 385131
  },
  "net": {
    "auroc": 0.4991383152591343,
    "aupr": 0.5000495465706657,
    "n_test_normal_balanced": 220229,
    "n_test_ood_balanced": 220229,
    "n_test_normal_full": 316026,
    "n_test_ood_full": 220229,
    "f1": 0.015688164270607447,
    "precision": 0.4520442273077912,
    "recall": 0.007982599930072788,
    "accuracy": 0.4991531542167471,
    "best_threshold": 0.032512626262626264,
    "val_f1_tune": 0.015688164270607447,
    "n_val_normal_balanced": 220229,
    "n_val_ood_balanced": 220229,
    "n_val_normal_full": 316026,
    "n_val_ood_full": 220229
  }
}