{
  "cpu": {
    "auroc": 0.6659998296204913,
    "aupr": 0.6168636831131227,
    "n_test_normal_balanced": 316026,
    "n_test_ood_balanced": 316026,
    "n_test_normal_full": 316026,
    "n_test_ood_full": 387625,
    "f1": 0.6874428629067267,
    "precision": 0.5762343261026847,
    "recall": 0.8518413041964902,
    "accuracy": 0.6126964237119731,
    "best_threshold": 0.34431226325757575,
    "val_f1_tune": 0.6874428629067267,
    "n_val_normal_balanced": 316026,
    "n_val_ood_balanced": 316026,
    "n_val_normal_full": 316026,
    "n_val_ood_full": 387625
  },
  "disk": {
    "auroc": 0.6672885890514102,
    "aupr": 0.6248892387859148,
    "n_test_normal_balanced": 316026,
    "n_test_ood_balanced": 316026,
    "n_test_normal_full": 316026,
    "n_test_ood_full": 425955,
    "f1": 0.679502984099693,
    "precision": 0.5493784618027829,
    "recall": 0.8904014226677552,
    "accuracy": 0.5800298076740521,
    "best_threshold": 0.31402526238952017,
    "val_f1_tune": 0.679502984099693,
    "n_val_normal_balanced": 316026,
    "n_val_ood_balanced": 316026,
    "n_val_normal_full": 316026,
    "n_val_ood_full": 425955
  },
  "mem": {
    "auroc": 0.6664700501732674,
    "aupr": 0.6112316465590196,
    "n_test_normal_balanced": 316026,
    "n_test_ood_balanced": 316026,
    "n_test_normal_full": 316026,
    "n_test_ood_full": 385131,
    "f1": 0.6841267067299561,
    "precision": 0.6167672126815038,
    "recall": 0.7680032655541,
    "accuracy": 0.6453994291608919,
    "best_threshold": 0.38679889717487376,
    "val_f1_tune": 0.6841267067299561,
    "n_val_normal_balanced": 316026,
    "n_val_ood_balanced": 316026,
    "n_val_normal_full": 316026,
    "n_val_ood_full": 385131
  },
  "net": {
    "auroc": 0.6265050386725747,
    "aupr": 0.5943467717589992,
    "n_test_normal_balanced": 220229,
    "n_test_ood_balanced": 220229,
    "n_test_normal_full": 316026,
    "n_test_ood_full": 220229,
    "f1": 0.6666646485622519,
    "precision": 0.4999988648154076,
    "recall": 0.9999954592719397,
    "accuracy": 0.49999772963596983,
    "best_threshold": 0.007354736328125,
    "val_f1_tune": 0.6666646485622519,
    "n_val_normal_balanced": 220229,
    "n_val_ood_balanced": 220229,
    "n_val_normal_full": 316026,
    "n_val_ood_full": 220229
  }
}