{
  "cpu": {
    "auroc": 0.6151770423625927,
    "aupr": 0.6276860453717196,
    "n_normal": 316026,
    "n_ood": 387625
  },
  "disk": {
    "auroc": 0.5833582830419198,
    "aupr": 0.6268364222419198,
    "n_normal": 316026,
    "n_ood": 425955
  },
  "mem": {
    "auroc": 0.5748406204928144,
    "aupr": 0.5941541983729772,
    "n_normal": 316026,
    "n_ood": 385131
  },
  "net": {
    "auroc": 0.5831520780573862,
    "aupr": 0.4690975573332927,
    "n_normal": 316026,
    "n_ood": 220229
  }
}