{
  "cpu": {
    "auroc": 0.611147525118112,
    "aupr": 0.6235286990784324,
    "n_normal": 316026,
    "n_ood": 387625
  },
  "disk": {
    "auroc": 0.6072169825848125,
    "aupr": 0.6509404613029084,
    "n_normal": 316026,
    "n_ood": 425955
  },
  "mem": {
    "auroc": 0.5886121372814235,
    "aupr": 0.6037355378408846,
    "n_normal": 316026,
    "n_ood": 385131
  },
  "net": {
    "auroc": 0.5982395018960868,
    "aupr": 0.48131359670534585,
    "n_normal": 316026,
    "n_ood": 220229
  }
}