{
  "cpu": {
    "score_method": "latency_loss",
    "auroc": 0.6667616460930162,
    "aupr": 0.655213195267536,
    "n_test_normal_balanced": 197044,
    "n_test_ood_balanced": 190902,
    "n_test_normal_full": 197044,
    "n_test_ood_full": 190902,
    "f1": 0.654820514343546,
    "precision": 0.5806434622661767,
    "recall": 0.7507255031377356,
    "accuracy": 0.610530847076655,
    "best_threshold": 0.8544101907749369,
    "val_f1_tune": 0.6778555803497818,
    "n_val_normal_balanced": 197476,
    "n_val_ood_balanced": 197476,
    "n_val_normal_full": 197476,
    "n_val_ood_full": 646822
  },
  "disk": {
    "score_method": "latency_loss",
    "auroc": 0.6552195058567118,
    "aupr": 0.6094433386156816,
    "n_test_normal_balanced": 197044,
    "n_test_ood_balanced": 123783,
    "n_test_normal_full": 197044,
    "n_test_ood_full": 123783,
    "f1": 0.560546423516224,
    "precision": 0.460951170735772,
    "recall": 0.7150416454602005,
    "accuracy": 0.5674335389477818,
    "best_threshold": 0.8544101907749369,
    "val_f1_tune": 0.6778555803497818,
    "n_val_normal_balanced": 197476,
    "n_val_ood_balanced": 197476,
    "n_val_normal_full": 197476,
    "n_val_ood_full": 646822
  },
  "mem": {
    "score_method": "latency_loss",
    "auroc": 0.7241033715852547,
    "aupr": 0.7474210175911534,
    "n_test_normal_balanced": 197044,
    "n_test_ood_balanced": 217461,
    "n_test_normal_full": 197044,
    "n_test_ood_full": 217461,
    "f1": 0.7079091337270389,
    "precision": 0.6294848527153427,
    "recall": 0.808655345096362,
    "accuracy": 0.6499053087417522,
    "best_threshold": 0.8544101907749369,
    "val_f1_tune": 0.6778555803497818,
    "n_val_normal_balanced": 197476,
    "n_val_ood_balanced": 197476,
    "n_val_normal_full": 197476,
    "n_val_ood_full": 646822
  },
  "net": {
    "score_method": "latency_loss",
    "auroc": 0.7478638931931522,
    "aupr": 0.6512105250991125,
    "n_test_normal_balanced": 197044,
    "n_test_ood_balanced": 120006,
    "n_test_normal_full": 197044,
    "n_test_ood_full": 120006,
    "f1": 0.6196998703143334,
    "precision": 0.49225426040205245,
    "recall": 0.8361915237571454,
    "accuracy": 0.6115313042106924,
    "best_threshold": 0.8544101907749369,
    "val_f1_tune": 0.6778555803497818,
    "n_val_normal_balanced": 197476,
    "n_val_ood_balanced": 197476,
    "n_val_normal_full": 197476,
    "n_val_ood_full": 646822
  }
}