{
  "cpu": {
    "auroc": 0.6238463386652291,
    "aupr": 0.6238113800179445,
    "n_test_normal_balanced": 108483,
    "n_test_ood_balanced": 108483,
    "n_test_normal_full": 108483,
    "n_test_ood_full": 220454,
    "f1": 0.6686884840920024,
    "precision": 0.5164615562283781,
    "recall": 0.9481577758727174,
    "accuracy": 0.5302213250002304,
    "best_threshold": 0.04599692604758523,
    "val_f1_tune": 0.6698765301815112,
    "n_val_normal_balanced": 107251,
    "n_val_ood_balanced": 107251,
    "n_val_normal_full": 107251,
    "n_val_ood_full": 219807
  },
  "disk": {
    "auroc": 0.5703647139327057,
    "aupr": 0.5910117401223636,
    "n_test_normal_balanced": 108483,
    "n_test_ood_balanced": 108483,
    "n_test_normal_full": 108483,
    "n_test_ood_full": 268102,
    "f1": 0.6666666666666666,
    "precision": 0.5,
    "recall": 1.0,
    "accuracy": 0.5,
    "best_threshold": 0.00182342529296875,
    "val_f1_tune": 0.6666687386558592,
    "n_val_normal_balanced": 107251,
    "n_val_ood_balanced": 107251,
    "n_val_normal_full": 107251,
    "n_val_ood_full": 269244
  },
  "mem": {
    "auroc": 0.6234459402746115,
    "aupr": 0.6405405800706425,
    "n_test_normal_balanced": 108483,
    "n_test_ood_balanced": 108483,
    "n_test_normal_full": 108483,
    "n_test_ood_full": 234136,
    "f1": 0.6762357869152353,
    "precision": 0.5206828758430182,
    "recall": 0.9643262077929261,
    "accuracy": 0.5383055409603348,
    "best_threshold": 0.04599692604758523,
    "val_f1_tune": 0.6701045884385592,
    "n_val_normal_balanced": 107251,
    "n_val_ood_balanced": 107251,
    "n_val_normal_full": 107251,
    "n_val_ood_full": 227382
  },
  "net": {
    "auroc": 0.7315749737860755,
    "aupr": 0.7689841382909783,
    "n_test_normal_balanced": 108483,
    "n_test_ood_balanced": 108483,
    "n_test_normal_full": 108483,
    "n_test_ood_full": 120006,
    "f1": 0.6861602068557526,
    "precision": 0.5365197008362655,
    "recall": 0.9515592304785081,
    "accuracy": 0.5647705170395362,
    "best_threshold": 0.06367369372435291,
    "val_f1_tune": 0.6891826704133369,
    "n_val_normal_balanced": 107251,
    "n_val_ood_balanced": 107251,
    "n_val_normal_full": 107251,
    "n_val_ood_full": 120077
  }
}