{
  "cpu": {
    "score_method": "latency_loss",
    "auroc": 0.645740196509264,
    "aupr": 0.6393700590494317,
    "n_test_normal_balanced": 197044,
    "n_test_ood_balanced": 190902,
    "n_test_normal_full": 197044,
    "n_test_ood_full": 190902,
    "f1": 0.6595939859755686,
    "precision": 0.4920852182654758,
    "recall": 1.0,
    "accuracy": 0.4920865275064055,
    "best_threshold": 0.000774383544921875,
    "val_f1_tune": 0.6666677919811217,
    "n_val_normal_balanced": 197476,
    "n_val_ood_balanced": 197476,
    "n_val_normal_full": 197476,
    "n_val_ood_full": 646822
  },
  "disk": {
    "score_method": "latency_loss",
    "auroc": 0.6102585169322201,
    "aupr": 0.5766425921502696,
    "n_test_normal_balanced": 197044,
    "n_test_ood_balanced": 123783,
    "n_test_normal_full": 197044,
    "n_test_ood_full": 123783,
    "f1": 0.5568173383804647,
    "precision": 0.38582596173626826,
    "recall": 1.0,
    "accuracy": 0.38582787608274866,
    "best_threshold": 0.000774383544921875,
    "val_f1_tune": 0.6666677919811217,
    "n_val_normal_balanced": 197476,
    "n_val_ood_balanced": 197476,
    "n_val_normal_full": 197476,
    "n_val_ood_full": 646822
  },
  "mem": {
    "score_method": "latency_loss",
    "auroc": 0.7045794368787193,
    "aupr": 0.7261282409348095,
    "n_test_normal_balanced": 197044,
    "n_test_ood_balanced": 217461,
    "n_test_normal_full": 197044,
    "n_test_ood_full": 217461,
    "f1": 0.6882037584419366,
    "precision": 0.5246282897831861,
    "recall": 0.9999954014742873,
    "accuracy": 0.5246281709508932,
    "best_threshold": 0.000774383544921875,
    "val_f1_tune": 0.6666677919811217,
    "n_val_normal_balanced": 197476,
    "n_val_ood_balanced": 197476,
    "n_val_normal_full": 197476,
    "n_val_ood_full": 646822
  },
  "net": {
    "score_method": "latency_loss",
    "auroc": 0.650021344583996,
    "aupr": 0.5233970055729724,
    "n_test_normal_balanced": 197044,
    "n_test_ood_balanced": 120006,
    "n_test_normal_full": 197044,
    "n_test_ood_full": 120006,
    "f1": 0.5491574286989052,
    "precision": 0.3785093155947503,
    "recall": 1.0,
    "accuracy": 0.3785112758240025,
    "best_threshold": 0.000774383544921875,
    "val_f1_tune": 0.6666677919811217,
    "n_val_normal_balanced": 197476,
    "n_val_ood_balanced": 197476,
    "n_val_normal_full": 197476,
    "n_val_ood_full": 646822
  }
}