{
  "cpu": {
    "score_method": "paper_mad_sum",
    "auroc": 0.6583854844263275,
    "aupr": 0.633655987748869,
    "n_test_normal_balanced": 197044,
    "n_test_ood_balanced": 190902,
    "n_test_normal_full": 197044,
    "n_test_ood_full": 190902,
    "f1": 0.6633635031594372,
    "precision": 0.5216899430443942,
    "recall": 0.9106714439869671,
    "accuracy": 0.5451789682069154,
    "best_threshold": -1.7062206645256914,
    "val_f1_tune": 0.6760299764006126,
    "n_val_normal_balanced": 197476,
    "n_val_ood_balanced": 197476,
    "n_val_normal_full": 197476,
    "n_val_ood_full": 646822,
    "mad_event_median": 0.1376953125,
    "mad_event": 0.0673828125,
    "mad_latency_median": 1.0,
    "mad_latency": 0.1875
  },
  "disk": {
    "score_method": "paper_mad_sum",
    "auroc": 0.7349153575979506,
    "aupr": 0.7014186179013138,
    "n_test_normal_balanced": 197044,
    "n_test_ood_balanced": 123783,
    "n_test_normal_full": 197044,
    "n_test_ood_full": 123783,
    "f1": 0.5767797415168733,
    "precision": 0.418600494612517,
    "recall": 0.9271143856587738,
    "accuracy": 0.4750597674135905,
    "best_threshold": -1.7062206645256914,
    "val_f1_tune": 0.6760299764006126,
    "n_val_normal_balanced": 197476,
    "n_val_ood_balanced": 197476,
    "n_val_normal_full": 197476,
    "n_val_ood_full": 646822,
    "mad_event_median": 0.1376953125,
    "mad_event": 0.0673828125,
    "mad_latency_median": 1.0,
    "mad_latency": 0.1875
  },
  "mem": {
    "score_method": "paper_mad_sum",
    "auroc": 0.7000115242540057,
    "aupr": 0.7158618468850939,
    "n_test_normal_balanced": 197044,
    "n_test_ood_balanced": 217461,
    "n_test_normal_full": 197044,
    "n_test_ood_full": 217461,
    "f1": 0.6925074550743946,
    "precision": 0.5559984623612783,
    "recall": 0.9178611337205292,
    "accuracy": 0.572369452720715,
    "best_threshold": -1.7062206645256914,
    "val_f1_tune": 0.6760299764006126,
    "n_val_normal_balanced": 197476,
    "n_val_ood_balanced": 197476,
    "n_val_normal_full": 197476,
    "n_val_ood_full": 646822,
    "mad_event_median": 0.1376953125,
    "mad_event": 0.0673828125,
    "mad_latency_median": 1.0,
    "mad_latency": 0.1875
  },
  "net": {
    "score_method": "paper_mad_sum",
    "auroc": 0.800362102783258,
    "aupr": 0.7226765739356171,
    "n_test_normal_balanced": 197044,
    "n_test_ood_balanced": 120006,
    "n_test_normal_full": 197044,
    "n_test_ood_full": 120006,
    "f1": 0.5839484867605805,
    "precision": 0.419568043523384,
    "recall": 0.9601019949002549,
    "accuracy": 0.4821605425011828,
    "best_threshold": -1.7062206645256914,
    "val_f1_tune": 0.6760299764006126,
    "n_val_normal_balanced": 197476,
    "n_val_ood_balanced": 197476,
    "n_val_normal_full": 197476,
    "n_val_ood_full": 646822,
    "mad_event_median": 0.1376953125,
    "mad_event": 0.0673828125,
    "mad_latency_median": 1.0,
    "mad_latency": 0.1875
  }
}