{
  "cpu": {
    "score_method": "paper_mad_sum",
    "auroc": 0.6681008993370625,
    "aupr": 0.6413521031143123,
    "n_test_normal_balanced": 197044,
    "n_test_ood_balanced": 190902,
    "n_test_normal_full": 197044,
    "n_test_ood_full": 190902,
    "f1": 0.6597877140426791,
    "precision": 0.590430329055692,
    "recall": 0.7476087207048643,
    "accuracy": 0.6206069916947204,
    "best_threshold": 0.12118736383442119,
    "val_f1_tune": 0.6869531538827175,
    "n_val_normal_balanced": 197476,
    "n_val_ood_balanced": 197476,
    "n_val_normal_full": 197476,
    "n_val_ood_full": 646822,
    "mad_event_median": 0.1357421875,
    "mad_event": 0.06640625,
    "mad_latency_median": 0.66796875,
    "mad_latency": 0.140625
  },
  "disk": {
    "score_method": "paper_mad_sum",
    "auroc": 0.714003289174988,
    "aupr": 0.6792215167705876,
    "n_test_normal_balanced": 197044,
    "n_test_ood_balanced": 123783,
    "n_test_normal_full": 197044,
    "n_test_ood_full": 123783,
    "f1": 0.5916708283024951,
    "precision": 0.4859682552868914,
    "recall": 0.7561377572041394,
    "accuracy": 0.5973281550492945,
    "best_threshold": 0.12118736383442119,
    "val_f1_tune": 0.6869531538827175,
    "n_val_normal_balanced": 197476,
    "n_val_ood_balanced": 197476,
    "n_val_normal_full": 197476,
    "n_val_ood_full": 646822,
    "mad_event_median": 0.1357421875,
    "mad_event": 0.06640625,
    "mad_latency_median": 0.66796875,
    "mad_latency": 0.140625
  },
  "mem": {
    "score_method": "paper_mad_sum",
    "auroc": 0.7217783232014872,
    "aupr": 0.7314441950209164,
    "n_test_normal_balanced": 197044,
    "n_test_ood_balanced": 217461,
    "n_test_normal_full": 197044,
    "n_test_ood_full": 217461,
    "f1": 0.7136225615927743,
    "precision": 0.6394171058526156,
    "recall": 0.8073125755882664,
    "accuracy": 0.6600668266969035,
    "best_threshold": 0.12118736383442119,
    "val_f1_tune": 0.6869531538827175,
    "n_val_normal_balanced": 197476,
    "n_val_ood_balanced": 197476,
    "n_val_normal_full": 197476,
    "n_val_ood_full": 646822,
    "mad_event_median": 0.1357421875,
    "mad_event": 0.06640625,
    "mad_latency_median": 0.66796875,
    "mad_latency": 0.140625
  },
  "net": {
    "score_method": "paper_mad_sum",
    "auroc": 0.7628431181421312,
    "aupr": 0.680560687796772,
    "n_test_normal_balanced": 197044,
    "n_test_ood_balanced": 120006,
    "n_test_normal_full": 197044,
    "n_test_ood_full": 120006,
    "f1": 0.6349326061550448,
    "precision": 0.507131513573523,
    "recall": 0.8488492242054564,
    "accuracy": 0.6305283078378805,
    "best_threshold": 0.12118736383442119,
    "val_f1_tune": 0.6869531538827175,
    "n_val_normal_balanced": 197476,
    "n_val_ood_balanced": 197476,
    "n_val_normal_full": 197476,
    "n_val_ood_full": 646822,
    "mad_event_median": 0.1357421875,
    "mad_event": 0.06640625,
    "mad_latency_median": 0.66796875,
    "mad_latency": 0.140625
  }
}