{
  "cpu": {
    "score_method": "latency_loss",
    "auroc": 0.6410734864979583,
    "aupr": 0.6302749883723422,
    "n_test_normal_balanced": 197044,
    "n_test_ood_balanced": 190902,
    "n_test_normal_full": 197044,
    "n_test_ood_full": 190902,
    "f1": 0.659592846481287,
    "precision": 0.49208394982806886,
    "recall": 1.0,
    "accuracy": 0.49208394982806886,
    "best_threshold": 0.000762939453125,
    "val_f1_tune": 0.6666621654012485,
    "n_val_normal_balanced": 197476,
    "n_val_ood_balanced": 197476,
    "n_val_normal_full": 197476,
    "n_val_ood_full": 646822
  },
  "disk": {
    "score_method": "latency_loss",
    "auroc": 0.6163777388320335,
    "aupr": 0.5817414567504181,
    "n_test_normal_balanced": 197044,
    "n_test_ood_balanced": 123783,
    "n_test_normal_full": 197044,
    "n_test_ood_full": 123783,
    "f1": 0.556812840045973,
    "precision": 0.3858228447819067,
    "recall": 0.9999919213462268,
    "accuracy": 0.38582164219345627,
    "best_threshold": 0.000762939453125,
    "val_f1_tune": 0.6666621654012485,
    "n_val_normal_balanced": 197476,
    "n_val_ood_balanced": 197476,
    "n_val_normal_full": 197476,
    "n_val_ood_full": 646822
  },
  "mem": {
    "score_method": "latency_loss",
    "auroc": 0.6979671519037514,
    "aupr": 0.7161931693562666,
    "n_test_normal_balanced": 197044,
    "n_test_ood_balanced": 217461,
    "n_test_normal_full": 197044,
    "n_test_ood_full": 217461,
    "f1": 0.688202669451631,
    "precision": 0.5246270241059193,
    "recall": 0.9999954014742873,
    "accuracy": 0.5246257584347596,
    "best_threshold": 0.000762939453125,
    "val_f1_tune": 0.6666621654012485,
    "n_val_normal_balanced": 197476,
    "n_val_ood_balanced": 197476,
    "n_val_normal_full": 197476,
    "n_val_ood_full": 646822
  },
  "net": {
    "score_method": "latency_loss",
    "auroc": 0.6662110538828295,
    "aupr": 0.5547418201580558,
    "n_test_normal_balanced": 197044,
    "n_test_ood_balanced": 120006,
    "n_test_normal_full": 197044,
    "n_test_ood_full": 120006,
    "f1": 0.5491561722067653,
    "precision": 0.3785081217473585,
    "recall": 1.0,
    "accuracy": 0.3785081217473585,
    "best_threshold": 0.000762939453125,
    "val_f1_tune": 0.6666621654012485,
    "n_val_normal_balanced": 197476,
    "n_val_ood_balanced": 197476,
    "n_val_normal_full": 197476,
    "n_val_ood_full": 646822
  }
}