{
  "cpu": {
    "score_method": "latency_loss",
    "auroc": 0.6670605066310945,
    "aupr": 0.6579733530747696,
    "n_test_normal_balanced": 197044,
    "n_test_ood_balanced": 190902,
    "n_test_normal_full": 197044,
    "n_test_ood_full": 190902,
    "f1": 0.6532340380733546,
    "precision": 0.5800344653801759,
    "recall": 0.7475772909660454,
    "accuracy": 0.6094353337835678,
    "best_threshold": 0.8494637229225852,
    "val_f1_tune": 0.6752393438288402,
    "n_val_normal_balanced": 197476,
    "n_val_ood_balanced": 197476,
    "n_val_normal_full": 197476,
    "n_val_ood_full": 646822
  },
  "disk": {
    "score_method": "latency_loss",
    "auroc": 0.6437279564636862,
    "aupr": 0.5954438014971082,
    "n_test_normal_balanced": 197044,
    "n_test_ood_balanced": 123783,
    "n_test_normal_full": 197044,
    "n_test_ood_full": 123783,
    "f1": 0.5537704249926769,
    "precision": 0.45699526519630257,
    "recall": 0.7025439680731603,
    "accuracy": 0.563160207837869,
    "best_threshold": 0.8494637229225852,
    "val_f1_tune": 0.6752393438288402,
    "n_val_normal_balanced": 197476,
    "n_val_ood_balanced": 197476,
    "n_val_normal_full": 197476,
    "n_val_ood_full": 646822
  },
  "mem": {
    "score_method": "latency_loss",
    "auroc": 0.7234997077093658,
    "aupr": 0.7470213238270004,
    "n_test_normal_balanced": 197044,
    "n_test_ood_balanced": 217461,
    "n_test_normal_full": 197044,
    "n_test_ood_full": 217461,
    "f1": 0.7068815743594188,
    "precision": 0.6292296099608884,
    "recall": 0.8063974689714477,
    "accuracy": 0.6491453661596361,
    "best_threshold": 0.8494637229225852,
    "val_f1_tune": 0.6752393438288402,
    "n_val_normal_balanced": 197476,
    "n_val_ood_balanced": 197476,
    "n_val_normal_full": 197476,
    "n_val_ood_full": 646822
  },
  "net": {
    "score_method": "latency_loss",
    "auroc": 0.7371914264121822,
    "aupr": 0.6180412320564491,
    "n_test_normal_balanced": 197044,
    "n_test_ood_balanced": 120006,
    "n_test_normal_full": 197044,
    "n_test_ood_full": 120006,
    "f1": 0.6179617448127773,
    "precision": 0.4914661994566715,
    "recall": 0.832141726247021,
    "accuracy": 0.6105535404510329,
    "best_threshold": 0.8494637229225852,
    "val_f1_tune": 0.6752393438288402,
    "n_val_normal_balanced": 197476,
    "n_val_ood_balanced": 197476,
    "n_val_normal_full": 197476,
    "n_val_ood_full": 646822
  }
}