{
  "cpu": {
    "score_method": "latency_loss",
    "auroc": 0.675895673587998,
    "aupr": 0.6619434076706165,
    "n_test_normal_balanced": 197044,
    "n_test_ood_balanced": 190902,
    "n_test_normal_full": 197044,
    "n_test_ood_full": 190902,
    "f1": 0.6585813713115117,
    "precision": 0.5937567050211405,
    "recall": 0.739295554787273,
    "accuracy": 0.6228057513159048,
    "best_threshold": 1.003610321969697,
    "val_f1_tune": 0.682492408708416,
    "n_val_normal_balanced": 197476,
    "n_val_ood_balanced": 197476,
    "n_val_normal_full": 197476,
    "n_val_ood_full": 646822
  },
  "disk": {
    "score_method": "latency_loss",
    "auroc": 0.6590615540057825,
    "aupr": 0.612721538438981,
    "n_test_normal_balanced": 197044,
    "n_test_ood_balanced": 123783,
    "n_test_normal_full": 197044,
    "n_test_ood_full": 123783,
    "f1": 0.5641160984256074,
    "precision": 0.47271049369570084,
    "recall": 0.6993448211789988,
    "accuracy": 0.5830213791233282,
    "best_threshold": 1.003610321969697,
    "val_f1_tune": 0.682492408708416,
    "n_val_normal_balanced": 197476,
    "n_val_ood_balanced": 197476,
    "n_val_normal_full": 197476,
    "n_val_ood_full": 646822
  },
  "mem": {
    "score_method": "latency_loss",
    "auroc": 0.7271154456709055,
    "aupr": 0.7463733556439623,
    "n_test_normal_balanced": 197044,
    "n_test_ood_balanced": 217461,
    "n_test_normal_full": 197044,
    "n_test_ood_full": 217461,
    "f1": 0.711719011214198,
    "precision": 0.6424238833383942,
    "recall": 0.7977706347345042,
    "accuracy": 0.6609473950857047,
    "best_threshold": 1.003610321969697,
    "val_f1_tune": 0.682492408708416,
    "n_val_normal_balanced": 197476,
    "n_val_ood_balanced": 197476,
    "n_val_normal_full": 197476,
    "n_val_ood_full": 646822
  },
  "net": {
    "score_method": "latency_loss",
    "auroc": 0.7450677442486794,
    "aupr": 0.6200569556672418,
    "n_test_normal_balanced": 197044,
    "n_test_ood_balanced": 120006,
    "n_test_normal_full": 197044,
    "n_test_ood_full": 120006,
    "f1": 0.6298974485502983,
    "precision": 0.5076582639908631,
    "recall": 0.8296751829075213,
    "accuracy": 0.6309667244914051,
    "best_threshold": 1.003610321969697,
    "val_f1_tune": 0.682492408708416,
    "n_val_normal_balanced": 197476,
    "n_val_ood_balanced": 197476,
    "n_val_normal_full": 197476,
    "n_val_ood_full": 646822
  }
}