{
  "cpu": {
    "auroc": 0.7486840552040838,
    "aupr": 0.7585743760016371,
    "n_normal": 316026,
    "n_ood": 387625
  },
  "disk": {
    "auroc": 0.8136614589024388,
    "aupr": 0.8378938042150962,
    "n_normal": 316026,
    "n_ood": 425955
  },
  "mem": {
    "auroc": 0.7845696255966006,
    "aupr": 0.7920261044932729,
    "n_normal": 316026,
    "n_ood": 385131
  },
  "net": {
    "auroc": 0.668438214033577,
    "aupr": 0.5822504760401612,
    "n_normal": 316026,
    "n_ood": 220229
  }
}