{
  "cpu": {
    "auroc": 0.6098809990951302,
    "aupr": 0.5720799828890606,
    "n_test_normal_balanced": 316026,
    "n_test_ood_balanced": 316026,
    "n_test_normal_full": 316026,
    "n_test_ood_full": 387625,
    "f1": 0.6666673698444324,
    "precision": 0.5000007910754037,
    "recall": 1.0,
    "accuracy": 0.5000015821483043,
    "best_threshold": 0.02512207068502903,
    "val_f1_tune": 0.6666673698444324,
    "n_val_normal_balanced": 316026,
    "n_val_ood_balanced": 316026,
    "n_val_normal_full": 316026,
    "n_val_ood_full": 387625
  },
  "disk": {
    "auroc": 0.5789550729587358,
    "aupr": 0.5570434021728048,
    "n_test_normal_balanced": 316026,
    "n_test_ood_balanced": 316026,
    "n_test_normal_full": 316026,
    "n_test_ood_full": 425955,
    "f1": 0.6673462532988564,
    "precision": 0.5032607000011258,
    "recall": 0.9901938448102371,
    "accuracy": 0.5064156113737477,
    "best_threshold": 0.06516778830325964,
    "val_f1_tune": 0.6673462532988564,
    "n_val_normal_balanced": 316026,
    "n_val_ood_balanced": 316026,
    "n_val_normal_full": 316026,
    "n_val_ood_full": 425955
  },
  "mem": {
    "auroc": 0.6028106804788731,
    "aupr": 0.559690418484792,
    "n_test_normal_balanced": 316026,
    "n_test_ood_balanced": 316026,
    "n_test_normal_full": 316026,
    "n_test_ood_full": 385131,
    "f1": 0.6731738417272006,
    "precision": 0.5393177265684113,
    "recall": 0.8954105041990216,
    "accuracy": 0.5652778568851929,
    "best_threshold": 0.23485192253884643,
    "val_f1_tune": 0.6731738417272006,
    "n_val_normal_balanced": 316026,
    "n_val_ood_balanced": 316026,
    "n_val_normal_full": 316026,
    "n_val_ood_full": 385131
  },
  "net": {
    "auroc": 0.5918261527148178,
    "aupr": 0.561822411117113,
    "n_test_normal_balanced": 220229,
    "n_test_ood_balanced": 220229,
    "n_test_normal_full": 316026,
    "n_test_ood_full": 220229,
    "f1": 0.6666646485622519,
    "precision": 0.4999988648154076,
    "recall": 0.9999954592719397,
    "accuracy": 0.49999772963596983,
    "best_threshold": 0.02187499962747097,
    "val_f1_tune": 0.6666646485622519,
    "n_val_normal_balanced": 220229,
    "n_val_ood_balanced": 220229,
    "n_val_normal_full": 316026,
    "n_val_ood_full": 220229
  }
}